order_id,order_date,amount,product_id
1000,2023-01-01,100.1,9
1001,2023-01-01,160.2,5
1002,2023-01-01,381.41,18
1003,2023-01-01,89.12,14
1004,2023-01-01,64.3,3
1005,2023-01-01,148.39,17
1006,2023-01-01,320.91,18
1007,2023-01-01,139.48,18
1008,2023-01-01,238.78,15
1009,2023-01-01,315.17,1
1010,2023-01-01,391.46,6
1011,2023-01-01,364.16,11
1012,2023-01-01,175.04,7
1013,2023-01-01,480.75,11
1014,2023-01-01,95.99,13
1015,2023-01-02,211.54,12
1016,2023-01-02,321.68,2
1017,2023-01-02,378.38,18
1018,2023-01-02,106.17,13
1019,2023-01-02,85.46,10
1020,2023-01-02,423.23,20
1021,2023-01-03,309.81,3
1022,2023-01-03,70.62,8
1023,2023-01-03,397.88,3
1024,2023-01-03,434.89,4
1025,2023-01-03,221.06,15
1026,2023-01-03,336.06,12
1027,2023-01-03,123.19,12
1028,2023-01-03,144.28,9
1029,2023-01-03,365.82,3
1030,2023-01-03,324.11,6
1031,2023-01-04,378.11,6
1032,2023-01-04,258.02,9
1033,2023-01-04,495.29,18
1034,2023-01-04,148.83,11
1035,2023-01-04,429.28,2
1036,2023-01-04,153.07,2
1037,2023-01-04,412.27,13
1038,2023-01-04,170.48,7
1039,2023-01-04,460.91,19
1040,2023-01-04,444.37,11
1041,2023-01-04,145.68,16
1042,2023-01-04,228.03,15
1043,2023-01-04,114.29,5
1044,2023-01-05,385.25,18
1045,2023-01-05,168.23,19
1046,2023-01-05,242.8,19
1047,2023-01-05,229.73,8
1048,2023-01-05,498.8,5
1049,2023-01-05,279.29,3
1050,2023-01-05,390.1,4
1051,2023-01-05,118.78,6
1052,2023-01-06,239.97,3
1053,2023-01-06,223.15,20
1054,2023-01-06,498.25,17
1055,2023-01-06,163.14,18
1056,2023-01-06,437.35,1
1057,2023-01-06,356.13,4
1058,2023-01-06,356.77,18
1059,2023-01-06,387.9,11
1060,2023-01-06,100.2,14
1061,2023-01-06,121.17,1
1062,2023-01-06,479.22,9
1063,2023-01-06,487.35,6
1064,2023-01-06,278.46,4
1065,2023-01-06,441.73,10
1066,2023-01-06,428.75,17
1067,2023-01-07,139.51,12
1068,2023-01-07,393.13,18
1069,2023-01-07,479.07,17
1070,2023-01-07,463.32,20
1071,2023-01-07,195.87,1
1072,2023-01-07,100.34,12
1073,2023-01-07,445.42,10
1074,2023-01-07,157.75,8
1075,2023-01-07,445.1,3
1076,2023-01-07,88.54,16
1077,2023-01-07,417.21,18
1078,2023-01-07,394.63,5
1079,2023-01-07,346.89,18
1080,2023-01-07,124.31,17
1081,2023-01-08,240.41,7
1082,2023-01-08,468.01,7
1083,2023-01-08,370.83,13
1084,2023-01-08,497.82,12
1085,2023-01-08,247.15,17
1086,2023-01-08,253.17,8
1087,2023-01-08,151.11,11
1088,2023-01-08,59.47,18
1089,2023-01-08,153.55,8
1090,2023-01-08,53.24,2
1091,2023-01-08,153.02,2
1092,2023-01-08,436.84,3
1093,2023-01-08,281.37,9
1094,2023-01-08,351.04,7
1095,2023-01-09,109.54,19
1096,2023-01-09,309.3,8
1097,2023-01-09,403.08,14
1098,2023-01-09,135.68,4
1099,2023-01-09,346.54,12
1100,2023-01-09,240.61,15
1101,2023-01-09,438.73,2
1102,2023-01-09,353.01,4
1103,2023-01-09,77.28,11
1104,2023-01-09,410.27,4
1105,2023-01-09,161.9,7
1106,2023-01-09,291.33,5
1107,2023-01-09,239.85,9
1108,2023-01-10,162.41,3
1109,2023-01-10,249.41,18
1110,2023-01-10,94.06,18
1111,2023-01-10,426.21,3
1112,2023-01-10,466.87,8
1113,2023-01-10,124.84,16
1114,2023-01-10,266.61,13
1115,2023-01-10,456.1,6
1116,2023-01-10,220.54,13
1117,2023-01-10,169.34,15
1118,2023-01-10,178.36,18
1119,2023-01-10,347.84,16
1120,2023-01-11,135.45,7
1121,2023-01-11,485.92,19
1122,2023-01-11,381.08,2
1123,2023-01-11,386.59,2
1124,2023-01-11,72.56,16
1125,2023-01-11,276.28,17
1126,2023-01-11,120.84,17
1127,2023-01-12,433.1,3
1128,2023-01-12,317.77,8
1129,2023-01-12,231.7,19
1130,2023-01-12,160.8,20
1131,2023-01-12,67.88,3
1132,2023-01-12,238.65,19
1133,2023-01-13,285.25,9
1134,2023-01-13,141.92,11
1135,2023-01-13,157.41,13
1136,2023-01-13,108.9,10
1137,2023-01-13,255.75,3
1138,2023-01-13,54.19,20
1139,2023-01-13,499.3,4
1140,2023-01-13,82.97,7
1141,2023-01-13,277.65,5
1142,2023-01-13,469.97,3
1143,2023-01-13,445.67,12
1144,2023-01-13,178.24,15
1145,2023-01-13,425.19,10
1146,2023-01-13,325.25,17
1147,2023-01-14,350.54,18
1148,2023-01-14,184.72,4
1149,2023-01-14,472.52,5
1150,2023-01-14,169.01,4
1151,2023-01-14,384.09,5
1152,2023-01-15,176.79,7
1153,2023-01-15,372.93,7
1154,2023-01-15,359.37,9
1155,2023-01-15,277.43,9
1156,2023-01-15,457.4,2
1157,2023-01-15,91.53,14
1158,2023-01-15,423.21,2
1159,2023-01-15,51.6,5
1160,2023-01-15,336.7,9
1161,2023-01-16,383.55,18
1162,2023-01-16,367.55,18
1163,2023-01-16,54.35,3
1164,2023-01-16,475.27,5
1165,2023-01-16,295.52,12
1166,2023-01-16,312.13,5
1167,2023-01-16,243.4,2
1168,2023-01-17,214.09,2
1169,2023-01-17,454.52,7
1170,2023-01-17,356.93,4
1171,2023-01-17,209.16,18
1172,2023-01-17,447.86,14
1173,2023-01-17,488.23,5
1174,2023-01-17,466.59,8
1175,2023-01-17,439.07,6
1176,2023-01-17,446.64,1
1177,2023-01-18,381.45,11
1178,2023-01-18,402.07,14
1179,2023-01-18,411.01,8
1180,2023-01-18,170.06,4
1181,2023-01-18,222.14,2
1182,2023-01-18,436.37,8
1183,2023-01-18,139.81,15
1184,2023-01-19,187.34,8
1185,2023-01-19,150.32,7
1186,2023-01-19,229.31,9
1187,2023-01-19,438.96,9
1188,2023-01-19,208.02,17
1189,2023-01-19,229.86,18
1190,2023-01-19,199.02,1
1191,2023-01-19,101.9,9
1192,2023-01-19,130.36,9
1193,2023-01-19,67.22,20
1194,2023-01-20,205.56,11
1195,2023-01-20,246.38,17
1196,2023-01-20,102.04,19
1197,2023-01-20,135.54,2
1198,2023-01-20,368.95,1
1199,2023-01-20,283.96,18
1200,2023-01-20,359.09,7
1201,2023-01-20,213.9,3
1202,2023-01-20,476.99,11
1203,2023-01-20,330.42,4
1204,2023-01-20,373.89,10
1205,2023-01-21,189.18,14
1206,2023-01-21,196.78,10
1207,2023-01-21,299.49,7
1208,2023-01-21,239.2,13
1209,2023-01-21,354.79,6
1210,2023-01-21,326.98,10
1211,2023-01-21,232.73,1
1212,2023-01-21,186.74,7
1213,2023-01-21,243.45,19
1214,2023-01-21,323.0,11
1215,2023-01-21,259.24,15
1216,2023-01-21,354.03,17
1217,2023-01-21,262.93,6
1218,2023-01-22,88.16,17
1219,2023-01-22,348.73,20
1220,2023-01-22,200.83,8
1221,2023-01-22,352.76,8
1222,2023-01-22,412.95,5
1223,2023-01-22,60.99,8
1224,2023-01-22,492.77,20
1225,2023-01-22,432.38,3
1226,2023-01-22,254.94,19
1227,2023-01-22,137.5,13
1228,2023-01-22,272.47,8
1229,2023-01-22,116.41,1
1230,2023-01-22,451.7,4
1231,2023-01-22,400.29,8
1232,2023-01-22,129.15,17
1233,2023-01-23,72.6,8
1234,2023-01-23,462.86,4
1235,2023-01-23,255.41,15
1236,2023-01-23,350.41,18
1237,2023-01-23,317.95,15
1238,2023-01-23,325.69,17
1239,2023-01-23,242.03,18
1240,2023-01-23,250.66,6
1241,2023-01-23,384.64,16
1242,2023-01-23,252.53,8
1243,2023-01-23,427.94,9
1244,2023-01-23,394.62,17
1245,2023-01-24,332.04,9
1246,2023-01-24,247.94,10
1247,2023-01-24,155.52,11
1248,2023-01-24,193.87,18
1249,2023-01-24,86.26,5
1250,2023-01-24,154.07,5
1251,2023-01-24,367.89,3
1252,2023-01-24,236.69,11
1253,2023-01-24,294.18,14
1254,2023-01-24,78.02,14
1255,2023-01-24,225.26,19
1256,2023-01-24,475.73,1
1257,2023-01-25,221.17,1
1258,2023-01-25,474.23,10
1259,2023-01-25,389.06,14
1260,2023-01-25,292.2,18
1261,2023-01-25,409.94,8
1262,2023-01-25,269.7,9
1263,2023-01-25,246.13,1
1264,2023-01-25,224.99,13
1265,2023-01-25,375.88,15
1266,2023-01-25,463.79,20
1267,2023-01-25,290.36,13
1268,2023-01-25,316.35,1
1269,2023-01-25,87.78,14
1270,2023-01-25,111.06,15
1271,2023-01-26,72.63,13
1272,2023-01-26,197.31,15
1273,2023-01-26,197.08,13
1274,2023-01-26,175.22,14
1275,2023-01-26,163.52,3
1276,2023-01-26,261.64,18
1277,2023-01-26,73.44,12
1278,2023-01-27,342.56,2
1279,2023-01-27,389.4,8
1280,2023-01-27,139.71,1
1281,2023-01-27,329.6,8
1282,2023-01-27,106.8,4
1283,2023-01-27,303.79,7
1284,2023-01-27,259.27,9
1285,2023-01-27,395.1,6
1286,2023-01-28,323.26,4
1287,2023-01-28,400.01,6
1288,2023-01-28,484.12,4
1289,2023-01-28,310.41,10
1290,2023-01-28,309.11,13
1291,2023-01-28,228.49,7
1292,2023-01-28,84.2,8
1293,2023-01-28,95.86,10
1294,2023-01-28,432.63,20
1295,2023-01-28,412.49,19
1296,2023-01-28,402.19,12
1297,2023-01-28,289.74,12
1298,2023-01-28,81.03,11
1299,2023-01-28,55.69,14
1300,2023-01-29,97.49,12
1301,2023-01-29,336.01,15
1302,2023-01-29,368.29,14
1303,2023-01-29,129.26,17
1304,2023-01-29,484.46,9
1305,2023-01-29,327.16,18
1306,2023-01-29,398.59,15
1307,2023-01-29,246.01,19
1308,2023-01-29,170.78,8
1309,2023-01-29,423.83,3
1310,2023-01-29,175.52,15
1311,2023-01-29,159.74,15
1312,2023-01-30,324.65,13
1313,2023-01-30,201.38,16
1314,2023-01-30,432.93,6
1315,2023-01-30,269.4,12
1316,2023-01-30,409.02,11
1317,2023-01-30,175.85,20
1318,2023-01-30,365.53,9
1319,2023-01-30,300.11,17
1320,2023-01-30,476.63,3
1321,2023-01-30,158.61,14
1322,2023-01-30,269.86,8
1323,2023-01-30,360.77,16
1324,2023-01-30,251.68,1
1325,2023-01-30,91.87,8
1326,2023-01-31,361.3,10
1327,2023-01-31,348.78,12
1328,2023-01-31,262.97,17
1329,2023-01-31,204.69,18
1330,2023-01-31,198.86,15
1331,2023-01-31,171.91,9
1332,2023-01-31,153.74,7
1333,2023-01-31,192.0,18
1334,2023-01-31,477.89,6
1335,2023-01-31,136.19,16
1336,2023-01-31,174.42,19
1337,2023-02-01,318.56,4
1338,2023-02-01,424.68,10
1339,2023-02-01,152.37,6
1340,2023-02-01,186.02,18
1341,2023-02-01,106.96,2
1342,2023-02-01,488.43,18
1343,2023-02-01,181.46,5
1344,2023-02-01,337.04,16
1345,2023-02-01,96.16,1
1346,2023-02-01,308.33,16
1347,2023-02-01,265.42,11
1348,2023-02-01,132.96,2
1349,2023-02-01,163.62,16
1350,2023-02-02,419.95,13
1351,2023-02-02,271.29,19
1352,2023-02-02,333.25,2
1353,2023-02-02,118.28,19
1354,2023-02-02,477.11,3
1355,2023-02-02,497.26,4
1356,2023-02-03,394.0,20
1357,2023-02-03,318.26,20
1358,2023-02-03,151.56,17
1359,2023-02-03,221.17,15
1360,2023-02-03,183.81,19
1361,2023-02-03,495.51,10
1362,2023-02-03,305.88,2
1363,2023-02-03,324.33,4
1364,2023-02-03,476.42,7
1365,2023-02-03,331.48,9
1366,2023-02-03,347.19,6
1367,2023-02-03,157.94,18
1368,2023-02-03,83.78,1
1369,2023-02-04,252.73,20
1370,2023-02-04,261.46,2
1371,2023-02-04,154.16,10
1372,2023-02-04,366.34,15
1373,2023-02-04,82.03,8
1374,2023-02-04,465.76,19
1375,2023-02-04,347.53,7
1376,2023-02-04,241.31,18
1377,2023-02-04,151.16,5
1378,2023-02-04,458.79,5
1379,2023-02-04,82.13,6
1380,2023-02-05,317.77,19
1381,2023-02-05,464.54,15
1382,2023-02-05,105.96,10
1383,2023-02-05,364.88,9
1384,2023-02-05,275.21,16
1385,2023-02-05,246.99,20
1386,2023-02-05,67.94,14
1387,2023-02-05,380.54,20
1388,2023-02-05,162.67,3
1389,2023-02-06,482.86,19
1390,2023-02-06,314.21,1
1391,2023-02-06,499.81,9
1392,2023-02-06,309.31,6
1393,2023-02-06,261.73,15
1394,2023-02-06,462.23,6
1395,2023-02-06,498.63,14
1396,2023-02-06,335.65,16
1397,2023-02-07,261.5,14
1398,2023-02-07,199.99,4
1399,2023-02-07,435.98,11
1400,2023-02-07,235.24,16
1401,2023-02-07,179.7,13
1402,2023-02-07,416.1,18
1403,2023-02-08,254.67,11
1404,2023-02-08,163.58,4
1405,2023-02-08,486.58,13
1406,2023-02-08,439.21,1
1407,2023-02-08,345.95,18
1408,2023-02-09,235.96,7
1409,2023-02-09,283.3,20
1410,2023-02-09,390.4,15
1411,2023-02-09,392.0,7
1412,2023-02-09,170.18,5
1413,2023-02-09,467.45,15
1414,2023-02-09,446.38,16
1415,2023-02-09,104.64,20
1416,2023-02-09,409.69,6
1417,2023-02-09,189.84,1
1418,2023-02-09,298.51,3
1419,2023-02-09,151.12,4
1420,2023-02-10,476.18,5
1421,2023-02-10,274.27,10
1422,2023-02-10,278.99,9
1423,2023-02-10,236.97,16
1424,2023-02-10,491.11,8
1425,2023-02-10,255.55,5
1426,2023-02-10,222.61,20
1427,2023-02-10,278.71,5
1428,2023-02-10,438.81,9
1429,2023-02-10,397.7,14
1430,2023-02-10,202.94,17
1431,2023-02-10,170.23,1
1432,2023-02-11,376.72,19
1433,2023-02-11,310.97,16
1434,2023-02-11,439.37,15
1435,2023-02-11,292.36,12
1436,2023-02-11,199.6,18
1437,2023-02-11,219.74,11
1438,2023-02-11,441.32,8
1439,2023-02-11,307.31,8
1440,2023-02-11,435.21,14
1441,2023-02-12,193.18,16
1442,2023-02-12,367.35,13
1443,2023-02-12,223.74,5
1444,2023-02-12,272.9,2
1445,2023-02-12,106.81,19
1446,2023-02-13,441.37,15
1447,2023-02-13,94.87,15
1448,2023-02-13,56.91,5
1449,2023-02-13,234.49,5
1450,2023-02-13,83.67,9
1451,2023-02-13,202.35,13
1452,2023-02-13,342.43,11
1453,2023-02-13,433.55,18
1454,2023-02-13,221.0,11
1455,2023-02-13,332.06,16
1456,2023-02-14,66.15,3
1457,2023-02-14,155.65,10
1458,2023-02-14,498.84,3
1459,2023-02-14,245.29,4
1460,2023-02-14,392.17,4
1461,2023-02-14,249.66,10
1462,2023-02-14,456.54,2
1463,2023-02-14,195.97,2
1464,2023-02-14,182.02,12
1465,2023-02-14,243.81,8
1466,2023-02-14,289.02,19
1467,2023-02-14,356.81,6
1468,2023-02-14,126.49,3
1469,2023-02-15,441.88,20
1470,2023-02-15,357.41,16
1471,2023-02-15,460.77,5
1472,2023-02-15,154.48,9
1473,2023-02-15,256.81,1
1474,2023-02-15,454.51,15
1475,2023-02-15,455.54,18
1476,2023-02-15,121.09,15
1477,2023-02-15,475.36,19
1478,2023-02-15,184.62,14
1479,2023-02-15,360.64,15
1480,2023-02-15,430.39,7
1481,2023-02-15,499.72,16
1482,2023-02-15,97.99,13
1483,2023-02-16,211.53,10
1484,2023-02-16,496.71,10
1485,2023-02-16,59.87,13
1486,2023-02-16,173.52,19
1487,2023-02-16,439.28,2
1488,2023-02-16,459.78,16
1489,2023-02-16,424.78,10
1490,2023-02-16,399.08,8
1491,2023-02-16,323.18,12
1492,2023-02-16,148.55,7
1493,2023-02-16,329.4,5
1494,2023-02-16,332.71,2
1495,2023-02-16,189.02,15
1496,2023-02-16,65.01,12
1497,2023-02-17,90.56,10
1498,2023-02-17,197.02,14
1499,2023-02-17,129.04,5
1500,2023-02-17,403.93,12
1501,2023-02-17,288.88,9
1502,2023-02-17,423.71,9
1503,2023-02-17,461.32,16
1504,2023-02-18,385.95,11
1505,2023-02-18,411.9,15
1506,2023-02-18,483.3,5
1507,2023-02-18,389.37,8
1508,2023-02-18,437.06,13
1509,2023-02-18,485.27,18
1510,2023-02-18,214.6,13
1511,2023-02-18,56.26,18
1512,2023-02-18,105.61,12
1513,2023-02-19,387.06,9
1514,2023-02-19,313.05,12
1515,2023-02-19,98.76,8
1516,2023-02-19,262.16,20
1517,2023-02-19,447.91,18
1518,2023-02-19,197.6,20
1519,2023-02-19,149.62,3
1520,2023-02-19,335.93,15
1521,2023-02-19,459.22,10
1522,2023-02-19,342.16,4
1523,2023-02-19,112.9,2
1524,2023-02-19,186.96,16
1525,2023-02-19,102.25,8
1526,2023-02-19,449.27,5
1527,2023-02-19,224.89,12
1528,2023-02-20,477.22,18
1529,2023-02-20,238.61,5
1530,2023-02-20,448.44,4
1531,2023-02-20,425.16,20
1532,2023-02-20,233.65,9
1533,2023-02-20,64.72,12
1534,2023-02-20,147.77,15
1535,2023-02-20,477.75,12
1536,2023-02-20,94.71,12
1537,2023-02-20,295.01,12
1538,2023-02-20,77.25,9
1539,2023-02-20,135.41,4
1540,2023-02-20,477.05,15
1541,2023-02-20,91.25,7
1542,2023-02-20,338.77,20
1543,2023-02-21,72.76,11
1544,2023-02-21,159.61,5
1545,2023-02-21,404.14,7
1546,2023-02-21,80.87,18
1547,2023-02-21,143.22,7
1548,2023-02-22,197.85,5
1549,2023-02-22,404.89,20
1550,2023-02-22,51.28,5
1551,2023-02-22,494.39,18
1552,2023-02-22,162.79,6
1553,2023-02-22,99.47,1
1554,2023-02-22,109.31,12
1555,2023-02-22,405.49,8
1556,2023-02-23,195.7,6
1557,2023-02-23,169.42,5
1558,2023-02-23,383.77,17
1559,2023-02-23,101.14,3
1560,2023-02-23,264.31,12
1561,2023-02-23,280.96,4
1562,2023-02-23,253.4,8
1563,2023-02-23,475.44,2
1564,2023-02-23,377.26,17
1565,2023-02-23,185.73,1
1566,2023-02-23,77.37,16
1567,2023-02-23,431.28,14
1568,2023-02-23,358.74,16
1569,2023-02-23,370.58,15
1570,2023-02-24,454.67,11
1571,2023-02-24,323.73,3
1572,2023-02-24,106.79,20
1573,2023-02-24,334.88,18
1574,2023-02-24,370.47,13
1575,2023-02-24,497.58,17
1576,2023-02-25,254.17,20
1577,2023-02-25,243.59,4
1578,2023-02-25,433.76,18
1579,2023-02-25,374.38,7
1580,2023-02-25,243.53,8
1581,2023-02-25,236.22,15
1582,2023-02-25,229.43,4
1583,2023-02-25,190.65,11
1584,2023-02-25,349.3,12
1585,2023-02-26,359.07,16
1586,2023-02-26,80.21,3
1587,2023-02-26,91.95,4
1588,2023-02-26,385.07,12
1589,2023-02-26,415.3,18
1590,2023-02-26,76.99,18
1591,2023-02-26,302.76,4
1592,2023-02-27,209.12,14
1593,2023-02-27,440.64,2
1594,2023-02-27,485.78,20
1595,2023-02-27,190.6,4
1596,2023-02-27,310.06,7
1597,2023-02-27,119.63,16
1598,2023-02-27,150.91,4
1599,2023-02-27,207.55,18
1600,2023-02-27,215.4,9
1601,2023-02-27,308.35,14
1602,2023-02-27,430.32,20
1603,2023-02-28,353.74,18
1604,2023-02-28,61.81,9
1605,2023-02-28,63.03,9
1606,2023-02-28,366.21,10
1607,2023-02-28,464.69,12
1608,2023-02-28,52.75,5
1609,2023-02-28,304.84,13
1610,2023-02-28,81.31,1
1611,2023-02-28,91.29,17
1612,2023-02-28,146.81,14
1613,2023-02-28,254.14,6
1614,2023-02-28,216.52,11
1615,2023-02-28,399.58,19
1616,2023-02-28,318.3,2
1617,2023-03-01,120.83,20
1618,2023-03-01,72.39,3
1619,2023-03-01,172.45,14
1620,2023-03-01,268.55,15
1621,2023-03-01,236.38,7
1622,2023-03-01,389.72,4
1623,2023-03-01,205.33,4
1624,2023-03-02,355.2,19
1625,2023-03-02,268.98,10
1626,2023-03-02,70.44,13
1627,2023-03-02,493.0,2
1628,2023-03-02,53.46,10
1629,2023-03-02,475.4,5
1630,2023-03-02,393.87,10
1631,2023-03-02,197.66,1
1632,2023-03-02,273.82,14
1633,2023-03-03,108.13,18
1634,2023-03-03,366.65,17
1635,2023-03-03,301.43,12
1636,2023-03-03,82.43,2
1637,2023-03-03,246.3,15
1638,2023-03-03,464.52,11
1639,2023-03-03,309.09,19
1640,2023-03-04,369.27,14
1641,2023-03-04,180.28,13
1642,2023-03-04,59.39,11
1643,2023-03-04,127.34,20
1644,2023-03-04,257.04,12
1645,2023-03-04,89.66,4
1646,2023-03-04,159.49,19
1647,2023-03-04,230.2,3
1648,2023-03-04,228.1,10
1649,2023-03-04,385.61,8
1650,2023-03-04,199.88,6
1651,2023-03-05,279.72,4
1652,2023-03-05,288.77,7
1653,2023-03-05,457.67,12
1654,2023-03-05,207.99,5
1655,2023-03-05,156.32,5
1656,2023-03-05,165.19,6
1657,2023-03-06,118.79,3
1658,2023-03-06,129.72,16
1659,2023-03-06,258.78,19
1660,2023-03-06,391.94,15
1661,2023-03-06,356.51,19
1662,2023-03-06,339.35,20
1663,2023-03-06,195.44,11
1664,2023-03-06,117.93,3
1665,2023-03-06,261.01,10
1666,2023-03-06,408.35,19
1667,2023-03-06,75.28,17
1668,2023-03-06,83.39,15
1669,2023-03-06,253.36,2
1670,2023-03-06,215.93,10
1671,2023-03-07,340.1,3
1672,2023-03-07,326.75,17
1673,2023-03-07,223.02,19
1674,2023-03-07,299.44,2
1675,2023-03-07,252.38,19
1676,2023-03-07,343.33,11
1677,2023-03-08,264.03,5
1678,2023-03-08,480.98,15
1679,2023-03-08,96.58,11
1680,2023-03-08,492.07,3
1681,2023-03-08,277.05,6
1682,2023-03-08,67.61,15
1683,2023-03-08,495.94,17
1684,2023-03-08,285.24,6
1685,2023-03-08,213.75,10
1686,2023-03-08,224.34,11
1687,2023-03-08,355.5,2
1688,2023-03-08,405.15,11
1689,2023-03-08,79.66,4
1690,2023-03-08,301.08,13
1691,2023-03-09,163.4,20
1692,2023-03-09,442.98,11
1693,2023-03-09,86.68,5
1694,2023-03-09,462.54,10
1695,2023-03-09,485.46,13
1696,2023-03-09,108.03,3
1697,2023-03-09,189.31,13
1698,2023-03-09,339.57,11
1699,2023-03-09,415.93,17
1700,2023-03-10,340.71,14
1701,2023-03-10,278.82,1
1702,2023-03-10,213.17,6
1703,2023-03-10,478.03,11
1704,2023-03-10,476.45,16
1705,2023-03-10,136.4,5
1706,2023-03-11,84.72,4
1707,2023-03-11,278.46,18
1708,2023-03-11,425.8,17
1709,2023-03-11,66.99,11
1710,2023-03-11,444.38,20
1711,2023-03-11,108.97,13
1712,2023-03-11,119.41,6
1713,2023-03-12,414.07,6
1714,2023-03-12,374.53,2
1715,2023-03-12,234.89,8
1716,2023-03-12,486.31,20
1717,2023-03-12,178.22,15
1718,2023-03-12,155.3,8
1719,2023-03-12,189.26,16
1720,2023-03-12,456.79,7
1721,2023-03-12,215.53,19
1722,2023-03-12,493.0,15
1723,2023-03-12,396.25,13
1724,2023-03-12,276.31,14
1725,2023-03-12,484.82,7
1726,2023-03-12,410.57,5
1727,2023-03-13,73.48,16
1728,2023-03-13,443.35,18
1729,2023-03-13,470.43,17
1730,2023-03-13,433.02,10
1731,2023-03-13,87.74,6
1732,2023-03-13,172.76,17
1733,2023-03-13,116.31,14
1734,2023-03-13,91.27,8
1735,2023-03-13,417.52,12
1736,2023-03-14,236.7,13
1737,2023-03-14,275.9,8
1738,2023-03-14,223.77,3
1739,2023-03-14,218.71,1
1740,2023-03-14,193.41,4
1741,2023-03-15,200.88,5
1742,2023-03-15,111.92,10
1743,2023-03-15,462.83,16
1744,2023-03-15,363.23,5
1745,2023-03-15,391.48,16
1746,2023-03-15,251.87,1
1747,2023-03-15,457.64,1
1748,2023-03-15,165.17,5
1749,2023-03-15,296.96,20
1750,2023-03-15,287.5,4
1751,2023-03-15,399.28,8
1752,2023-03-15,185.52,2
1753,2023-03-15,157.3,20
1754,2023-03-15,255.7,4
1755,2023-03-15,426.51,16
1756,2023-03-16,291.22,17
1757,2023-03-16,308.77,5
1758,2023-03-16,181.07,1
1759,2023-03-16,326.66,8
1760,2023-03-16,306.8,6
1761,2023-03-16,348.97,3
1762,2023-03-16,285.57,12
1763,2023-03-16,80.46,17
1764,2023-03-16,294.84,17
1765,2023-03-16,299.37,13
1766,2023-03-16,443.0,2
1767,2023-03-16,336.05,12
1768,2023-03-16,164.14,1
1769,2023-03-16,210.69,3
1770,2023-03-17,158.51,4
1771,2023-03-17,397.18,11
1772,2023-03-17,110.03,12
1773,2023-03-17,295.71,6
1774,2023-03-17,423.67,15
1775,2023-03-17,491.37,16
1776,2023-03-17,334.28,5
1777,2023-03-17,78.4,15
1778,2023-03-17,66.64,7
1779,2023-03-17,69.71,7
1780,2023-03-18,192.02,10
1781,2023-03-18,281.92,18
1782,2023-03-18,263.03,2
1783,2023-03-18,388.98,7
1784,2023-03-18,178.75,2
1785,2023-03-19,199.37,4
1786,2023-03-19,409.7,14
1787,2023-03-19,450.27,15
1788,2023-03-19,452.59,13
1789,2023-03-19,202.57,6
1790,2023-03-19,273.29,16
1791,2023-03-19,215.31,17
1792,2023-03-19,170.02,3
1793,2023-03-19,377.19,3
1794,2023-03-19,243.77,6
1795,2023-03-19,295.46,11
1796,2023-03-19,96.17,11
1797,2023-03-19,347.41,10
1798,2023-03-19,250.66,14
1799,2023-03-19,124.99,15
1800,2023-03-20,251.21,12
1801,2023-03-20,326.68,14
1802,2023-03-20,173.55,2
1803,2023-03-20,83.77,13
1804,2023-03-20,213.49,6
1805,2023-03-20,478.76,5
1806,2023-03-20,431.9,15
1807,2023-03-20,65.66,3
1808,2023-03-20,156.2,12
1809,2023-03-20,212.97,19
1810,2023-03-21,322.29,15
1811,2023-03-21,476.97,12
1812,2023-03-21,249.77,3
1813,2023-03-21,308.26,17
1814,2023-03-21,215.13,11
1815,2023-03-22,175.41,4
1816,2023-03-22,61.66,6
1817,2023-03-22,274.57,13
1818,2023-03-22,461.09,4
1819,2023-03-22,167.8,9
1820,2023-03-22,366.82,7
1821,2023-03-22,498.36,10
1822,2023-03-22,362.29,16
1823,2023-03-22,140.08,5
1824,2023-03-22,433.77,15
1825,2023-03-22,127.7,15
1826,2023-03-22,498.77,11
1827,2023-03-22,350.53,3
1828,2023-03-22,297.5,10
1829,2023-03-22,451.1,6
1830,2023-03-23,128.34,12
1831,2023-03-23,278.94,4
1832,2023-03-23,493.31,5
1833,2023-03-23,156.53,16
1834,2023-03-23,61.83,18
1835,2023-03-23,307.52,15
1836,2023-03-23,411.65,18
1837,2023-03-23,108.4,3
1838,2023-03-23,79.59,13
1839,2023-03-23,499.82,16
1840,2023-03-23,286.56,14
1841,2023-03-23,420.5,3
1842,2023-03-23,106.4,11
1843,2023-03-23,339.05,15
1844,2023-03-23,259.62,17
1845,2023-03-24,107.75,18
1846,2023-03-24,337.91,6
1847,2023-03-24,395.5,5
1848,2023-03-24,244.68,2
1849,2023-03-24,424.13,17
1850,2023-03-24,118.86,6
1851,2023-03-24,122.89,8
1852,2023-03-24,205.71,17
1853,2023-03-24,452.72,3
1854,2023-03-24,162.77,18
1855,2023-03-25,106.33,10
1856,2023-03-25,326.49,3
1857,2023-03-25,276.16,6
1858,2023-03-25,316.31,19
1859,2023-03-25,119.39,20
1860,2023-03-25,374.28,20
1861,2023-03-25,201.93,19
1862,2023-03-25,68.54,1
1863,2023-03-25,86.55,19
1864,2023-03-26,343.01,19
1865,2023-03-26,237.46,1
1866,2023-03-26,274.12,18
1867,2023-03-26,180.35,10
1868,2023-03-26,267.33,13
1869,2023-03-26,183.85,3
1870,2023-03-26,359.88,6
1871,2023-03-26,247.82,16
1872,2023-03-26,259.0,11
1873,2023-03-27,114.65,11
1874,2023-03-27,380.39,12
1875,2023-03-27,488.92,5
1876,2023-03-27,392.3,17
1877,2023-03-27,302.74,11
1878,2023-03-27,158.78,4
1879,2023-03-27,170.36,8
1880,2023-03-27,113.39,2
1881,2023-03-27,180.6,13
1882,2023-03-27,438.87,14
1883,2023-03-27,161.72,6
1884,2023-03-27,416.07,19
1885,2023-03-27,374.51,7
1886,2023-03-27,393.4,16
1887,2023-03-28,260.07,10
1888,2023-03-28,273.82,3
1889,2023-03-28,475.35,17
1890,2023-03-28,255.75,8
1891,2023-03-28,146.81,12
1892,2023-03-28,71.9,10
1893,2023-03-28,272.7,16
1894,2023-03-28,178.59,1
1895,2023-03-28,431.23,14
1896,2023-03-28,110.27,9
1897,2023-03-28,377.38,13
1898,2023-03-28,214.67,13
1899,2023-03-28,73.02,18
1900,2023-03-29,213.14,10
1901,2023-03-29,83.09,17
1902,2023-03-29,252.66,18
1903,2023-03-29,175.87,20
1904,2023-03-29,356.18,4
1905,2023-03-29,107.9,4
1906,2023-03-29,227.26,11
1907,2023-03-29,301.02,12
1908,2023-03-30,139.58,17
1909,2023-03-30,230.62,2
1910,2023-03-30,70.39,5
1911,2023-03-30,371.12,16
1912,2023-03-30,283.7,5
1913,2023-03-30,322.82,17
1914,2023-03-30,112.9,20
1915,2023-03-31,123.13,20
1916,2023-03-31,382.69,10
1917,2023-03-31,317.18,17
1918,2023-03-31,422.73,18
1919,2023-03-31,270.43,19
1920,2023-03-31,184.91,1
1921,2023-03-31,215.76,4
1922,2023-03-31,490.95,19
1923,2023-03-31,188.46,1
1924,2023-03-31,318.61,9
1925,2023-04-01,402.31,19
1926,2023-04-01,309.94,2
1927,2023-04-01,312.59,6
1928,2023-04-01,285.9,20
1929,2023-04-01,398.57,13
1930,2023-04-01,116.5,8
1931,2023-04-01,64.21,4
1932,2023-04-01,135.85,15
1933,2023-04-01,191.16,5
1934,2023-04-01,235.83,7
1935,2023-04-01,234.67,20
1936,2023-04-01,464.23,2
1937,2023-04-01,367.6,17
1938,2023-04-01,143.3,11
1939,2023-04-01,499.16,16
1940,2023-04-02,219.57,6
1941,2023-04-02,256.85,18
1942,2023-04-02,204.05,12
1943,2023-04-02,354.14,9
1944,2023-04-02,324.53,7
1945,2023-04-02,480.8,9
1946,2023-04-02,301.14,8
1947,2023-04-02,473.67,10
1948,2023-04-02,397.03,7
1949,2023-04-02,360.61,16
1950,2023-04-02,192.67,12
1951,2023-04-02,302.22,9
1952,2023-04-02,179.51,19
1953,2023-04-03,294.44,13
1954,2023-04-03,418.27,5
1955,2023-04-03,180.7,10
1956,2023-04-03,479.89,3
1957,2023-04-03,205.86,15
1958,2023-04-03,345.19,16
1959,2023-04-03,146.29,18
1960,2023-04-03,172.01,18
1961,2023-04-03,363.28,5
1962,2023-04-03,99.15,19
1963,2023-04-03,157.68,2
1964,2023-04-03,351.43,17
1965,2023-04-03,151.55,8
1966,2023-04-03,73.62,14
1967,2023-04-03,198.63,16
1968,2023-04-04,356.54,5
1969,2023-04-04,52.33,18
1970,2023-04-04,490.06,6
1971,2023-04-04,233.11,16
1972,2023-04-04,264.85,7
1973,2023-04-04,390.16,10
1974,2023-04-05,178.44,2
1975,2023-04-05,458.57,3
1976,2023-04-05,343.53,8
1977,2023-04-05,290.82,2
1978,2023-04-05,460.95,6
1979,2023-04-05,238.05,6
1980,2023-04-05,470.27,2
1981,2023-04-05,498.73,13
1982,2023-04-05,404.58,6
1983,2023-04-05,471.47,10
1984,2023-04-06,54.17,19
1985,2023-04-06,321.25,11
1986,2023-04-06,178.05,18
1987,2023-04-06,285.94,5
1988,2023-04-06,432.98,15
1989,2023-04-07,136.77,4
1990,2023-04-07,198.81,15
1991,2023-04-07,341.73,6
1992,2023-04-07,56.34,11
1993,2023-04-07,405.85,19
1994,2023-04-07,353.48,7
1995,2023-04-07,128.97,13
1996,2023-04-07,422.15,17
1997,2023-04-07,197.57,13
1998,2023-04-08,92.92,5
1999,2023-04-08,264.85,8
2000,2023-04-08,53.07,13
2001,2023-04-08,155.98,9
2002,2023-04-08,479.32,10
2003,2023-04-08,312.11,19
2004,2023-04-08,55.15,12
2005,2023-04-08,361.75,2
2006,2023-04-08,350.5,15
2007,2023-04-08,188.06,13
2008,2023-04-08,358.73,10
2009,2023-04-08,360.63,10
2010,2023-04-08,215.39,8
2011,2023-04-08,148.61,5
2012,2023-04-08,265.18,15
2013,2023-04-09,218.13,18
2014,2023-04-09,460.76,18
2015,2023-04-09,410.9,7
2016,2023-04-09,392.84,20
2017,2023-04-09,442.91,3
2018,2023-04-09,286.48,17
2019,2023-04-09,366.69,3
2020,2023-04-09,462.76,4
2021,2023-04-09,77.79,18
2022,2023-04-09,456.3,7
2023,2023-04-09,307.72,5
2024,2023-04-09,124.04,17
2025,2023-04-09,248.83,7
2026,2023-04-09,372.61,16
2027,2023-04-10,454.5,15
2028,2023-04-10,413.91,15
2029,2023-04-10,109.37,14
2030,2023-04-10,255.56,2
2031,2023-04-10,301.46,10
2032,2023-04-10,375.48,13
2033,2023-04-11,417.4,7
2034,2023-04-11,310.24,2
2035,2023-04-11,240.66,3
2036,2023-04-11,293.52,2
2037,2023-04-11,470.56,3
2038,2023-04-11,493.76,16
2039,2023-04-11,64.28,14
2040,2023-04-11,130.99,5
2041,2023-04-11,394.62,14
2042,2023-04-12,496.79,13
2043,2023-04-12,251.84,13
2044,2023-04-12,219.04,18
2045,2023-04-12,109.85,12
2046,2023-04-12,103.38,18
2047,2023-04-12,226.88,5
2048,2023-04-12,377.54,8
2049,2023-04-12,425.67,1
2050,2023-04-12,490.32,15
2051,2023-04-12,353.07,18
2052,2023-04-13,289.37,8
2053,2023-04-13,161.38,12
2054,2023-04-13,119.8,7
2055,2023-04-13,471.83,4
2056,2023-04-13,64.5,14
2057,2023-04-13,326.72,1
2058,2023-04-13,158.3,3
2059,2023-04-13,95.4,2
2060,2023-04-13,250.9,2
2061,2023-04-13,160.13,2
2062,2023-04-13,231.02,8
2063,2023-04-14,147.77,2
2064,2023-04-14,113.06,10
2065,2023-04-14,155.37,19
2066,2023-04-14,193.51,20
2067,2023-04-14,397.64,11
2068,2023-04-14,156.61,5
2069,2023-04-14,493.56,17
2070,2023-04-14,149.47,10
2071,2023-04-14,173.82,18
2072,2023-04-14,476.83,6
2073,2023-04-14,331.7,14
2074,2023-04-14,300.13,2
2075,2023-04-14,487.53,13
2076,2023-04-15,193.43,14
2077,2023-04-15,233.72,10
2078,2023-04-15,219.41,18
2079,2023-04-15,263.08,8
2080,2023-04-15,185.33,5
2081,2023-04-15,412.6,2
2082,2023-04-15,303.07,14
2083,2023-04-15,300.78,5
2084,2023-04-15,224.79,9
2085,2023-04-15,141.5,3
2086,2023-04-15,465.0,12
2087,2023-04-15,91.61,7
2088,2023-04-15,73.19,13
2089,2023-04-16,322.24,2
2090,2023-04-16,443.13,7
2091,2023-04-16,412.09,19
2092,2023-04-16,375.94,18
2093,2023-04-16,147.66,7
2094,2023-04-16,441.26,11
2095,2023-04-16,186.43,1
2096,2023-04-16,145.31,7
2097,2023-04-16,482.93,4
2098,2023-04-16,386.1,16
2099,2023-04-16,461.5,20
2100,2023-04-16,366.7,13
2101,2023-04-16,461.81,18
2102,2023-04-16,194.73,10
2103,2023-04-16,221.3,18
2104,2023-04-17,211.67,9
2105,2023-04-17,211.84,16
2106,2023-04-17,259.7,16
2107,2023-04-17,392.73,11
2108,2023-04-17,461.45,12
2109,2023-04-17,190.81,2
2110,2023-04-17,303.14,8
2111,2023-04-17,383.56,1
2112,2023-04-17,167.35,19
2113,2023-04-17,310.61,14
2114,2023-04-17,182.84,7
2115,2023-04-17,198.44,13
2116,2023-04-17,306.41,8
2117,2023-04-17,274.69,11
2118,2023-04-17,165.8,16
2119,2023-04-18,382.82,15
2120,2023-04-18,125.71,12
2121,2023-04-18,126.17,18
2122,2023-04-18,269.74,18
2123,2023-04-18,495.65,2
2124,2023-04-18,285.77,3
2125,2023-04-18,475.33,2
2126,2023-04-18,393.95,14
2127,2023-04-18,111.87,8
2128,2023-04-18,80.59,5
2129,2023-04-18,54.11,17
2130,2023-04-18,255.2,2
2131,2023-04-18,328.03,20
2132,2023-04-18,460.74,16
2133,2023-04-18,57.08,18
2134,2023-04-19,235.1,1
2135,2023-04-19,288.24,9
2136,2023-04-19,291.08,10
2137,2023-04-19,57.71,14
2138,2023-04-19,412.78,6
2139,2023-04-19,98.16,4
2140,2023-04-19,285.97,8
2141,2023-04-19,136.37,17
2142,2023-04-19,163.59,12
2143,2023-04-19,170.3,13
2144,2023-04-19,85.56,13
2145,2023-04-19,256.55,8
2146,2023-04-19,495.6,8
2147,2023-04-20,357.82,3
2148,2023-04-20,344.18,2
2149,2023-04-20,92.08,13
2150,2023-04-20,219.73,16
2151,2023-04-20,75.25,1
2152,2023-04-20,366.28,3
2153,2023-04-20,274.94,14
2154,2023-04-20,340.21,11
2155,2023-04-20,304.64,4
2156,2023-04-21,463.62,8
2157,2023-04-21,145.14,19
2158,2023-04-21,263.98,2
2159,2023-04-21,465.87,9
2160,2023-04-21,454.69,19
2161,2023-04-21,346.15,6
2162,2023-04-21,467.94,11
2163,2023-04-21,57.05,7
2164,2023-04-21,314.17,13
2165,2023-04-21,467.99,10
2166,2023-04-21,123.1,8
2167,2023-04-21,305.01,13
2168,2023-04-21,354.67,18
2169,2023-04-22,222.73,5
2170,2023-04-22,405.72,3
2171,2023-04-22,275.36,12
2172,2023-04-22,74.16,14
2173,2023-04-22,154.46,3
2174,2023-04-22,203.27,20
2175,2023-04-22,479.69,13
2176,2023-04-22,486.01,11
2177,2023-04-22,63.33,9
2178,2023-04-22,402.6,15
2179,2023-04-23,152.66,18
2180,2023-04-23,473.51,14
2181,2023-04-23,133.58,19
2182,2023-04-23,347.3,3
2183,2023-04-23,397.48,10
2184,2023-04-23,409.12,3
2185,2023-04-23,86.92,5
2186,2023-04-23,221.0,5
2187,2023-04-23,382.84,11
2188,2023-04-23,212.32,3
2189,2023-04-23,52.34,10
2190,2023-04-23,250.13,9
2191,2023-04-24,109.63,6
2192,2023-04-24,243.94,18
2193,2023-04-24,299.63,14
2194,2023-04-24,96.48,3
2195,2023-04-24,209.26,3
2196,2023-04-24,318.62,11
2197,2023-04-25,55.55,14
2198,2023-04-25,224.51,3
2199,2023-04-25,376.18,18
2200,2023-04-25,457.34,8
2201,2023-04-25,307.38,6
2202,2023-04-25,358.39,6
2203,2023-04-25,112.48,10
2204,2023-04-25,170.78,5
2205,2023-04-25,78.47,14
2206,2023-04-25,174.18,10
2207,2023-04-25,267.9,3
2208,2023-04-26,163.26,8
2209,2023-04-26,374.4,16
2210,2023-04-26,317.21,7
2211,2023-04-26,256.04,5
2212,2023-04-26,187.1,13
2213,2023-04-26,199.5,20
2214,2023-04-26,220.95,11
2215,2023-04-26,248.1,14
2216,2023-04-26,416.96,20
2217,2023-04-26,111.26,11
2218,2023-04-27,476.28,7
2219,2023-04-27,265.55,6
2220,2023-04-27,484.06,11
2221,2023-04-27,181.15,16
2222,2023-04-27,485.49,8
2223,2023-04-27,196.65,9
2224,2023-04-27,417.42,13
2225,2023-04-27,214.26,19
2226,2023-04-27,139.91,18
2227,2023-04-27,130.97,18
2228,2023-04-27,62.11,15
2229,2023-04-27,474.34,7
2230,2023-04-27,247.3,10
2231,2023-04-27,424.08,3
2232,2023-04-28,352.84,5
2233,2023-04-28,335.0,8
2234,2023-04-28,163.71,5
2235,2023-04-28,371.86,13
2236,2023-04-28,83.28,20
2237,2023-04-28,265.66,13
2238,2023-04-28,290.47,14
2239,2023-04-28,294.64,12
2240,2023-04-28,365.74,18
2241,2023-04-28,317.22,3
2242,2023-04-28,99.22,8
2243,2023-04-29,349.11,6
2244,2023-04-29,341.15,2
2245,2023-04-29,303.45,13
2246,2023-04-29,485.07,11
2247,2023-04-29,484.57,14
2248,2023-04-29,97.68,4
2249,2023-04-29,166.43,17
2250,2023-04-29,386.08,18
2251,2023-04-29,311.23,19
2252,2023-04-29,149.46,12
2253,2023-04-29,226.01,19
2254,2023-04-29,360.7,5
2255,2023-04-29,205.24,1
2256,2023-04-29,267.25,10
2257,2023-04-29,237.19,3
2258,2023-04-30,424.09,5
2259,2023-04-30,206.75,11
2260,2023-04-30,254.9,7
2261,2023-04-30,284.5,12
2262,2023-04-30,264.27,15
2263,2023-04-30,374.9,15
2264,2023-05-01,80.23,2
2265,2023-05-01,414.58,4
2266,2023-05-01,60.16,11
2267,2023-05-01,341.59,6
2268,2023-05-01,468.47,8
2269,2023-05-01,282.2,18
2270,2023-05-01,122.06,18
2271,2023-05-01,241.87,15
2272,2023-05-01,154.33,13
2273,2023-05-01,333.39,6
2274,2023-05-02,345.79,13
2275,2023-05-02,63.14,20
2276,2023-05-02,447.39,15
2277,2023-05-02,316.49,13
2278,2023-05-02,52.0,7
2279,2023-05-02,142.6,3
2280,2023-05-02,309.81,18
2281,2023-05-02,134.13,11
2282,2023-05-02,138.68,4
2283,2023-05-02,168.06,16
2284,2023-05-02,287.47,11
2285,2023-05-02,318.64,20
2286,2023-05-02,226.64,4
2287,2023-05-02,206.57,15
2288,2023-05-02,327.81,10
2289,2023-05-03,315.58,5
2290,2023-05-03,190.93,8
2291,2023-05-03,187.42,6
2292,2023-05-03,217.99,5
2293,2023-05-03,279.87,14
2294,2023-05-03,318.39,19
2295,2023-05-03,222.67,6
2296,2023-05-03,269.0,18
2297,2023-05-03,362.04,6
2298,2023-05-03,299.71,16
2299,2023-05-03,179.98,6
2300,2023-05-03,191.56,15
2301,2023-05-03,328.73,12
2302,2023-05-03,478.33,16
2303,2023-05-04,137.81,13
2304,2023-05-04,483.72,17
2305,2023-05-04,343.88,14
2306,2023-05-04,358.11,14
2307,2023-05-04,369.56,15
2308,2023-05-04,269.91,3
2309,2023-05-04,304.43,8
2310,2023-05-05,64.71,8
2311,2023-05-05,291.92,6
2312,2023-05-05,401.33,19
2313,2023-05-05,384.13,16
2314,2023-05-05,297.38,4
2315,2023-05-05,307.72,9
2316,2023-05-05,398.8,12
2317,2023-05-05,293.92,2
2318,2023-05-05,392.0,15
2319,2023-05-06,148.34,14
2320,2023-05-06,96.09,8
2321,2023-05-06,183.97,2
2322,2023-05-06,252.38,12
2323,2023-05-06,437.99,3
2324,2023-05-06,247.58,4
2325,2023-05-06,399.03,8
2326,2023-05-06,144.45,19
2327,2023-05-06,360.11,20
2328,2023-05-06,334.75,6
2329,2023-05-06,327.27,7
2330,2023-05-06,416.09,2
2331,2023-05-06,306.53,18
2332,2023-05-07,318.59,6
2333,2023-05-07,195.64,10
2334,2023-05-07,180.2,9
2335,2023-05-07,478.58,17
2336,2023-05-07,493.47,4
2337,2023-05-07,111.02,14
2338,2023-05-07,463.45,9
2339,2023-05-07,440.17,5
2340,2023-05-07,365.64,5
2341,2023-05-08,115.81,11
2342,2023-05-08,422.82,13
2343,2023-05-08,270.26,19
2344,2023-05-08,334.58,14
2345,2023-05-08,218.83,3
2346,2023-05-08,335.13,3
2347,2023-05-08,231.28,9
2348,2023-05-08,362.62,12
2349,2023-05-09,477.61,11
2350,2023-05-09,311.88,3
2351,2023-05-09,378.92,15
2352,2023-05-09,335.68,12
2353,2023-05-09,432.55,18
2354,2023-05-09,228.97,14
2355,2023-05-09,421.18,16
2356,2023-05-09,170.84,10
2357,2023-05-09,201.99,19
2358,2023-05-09,108.77,16
2359,2023-05-09,404.74,2
2360,2023-05-09,70.67,15
2361,2023-05-10,105.91,6
2362,2023-05-10,248.58,1
2363,2023-05-10,496.33,14
2364,2023-05-10,141.04,5
2365,2023-05-10,446.97,10
2366,2023-05-11,443.49,9
2367,2023-05-11,92.0,12
2368,2023-05-11,162.68,12
2369,2023-05-11,349.03,6
2370,2023-05-11,73.3,10
2371,2023-05-11,376.69,8
2372,2023-05-11,243.15,3
2373,2023-05-12,50.49,16
2374,2023-05-12,85.07,19
2375,2023-05-12,151.79,15
2376,2023-05-12,54.18,11
2377,2023-05-12,417.7,14
2378,2023-05-12,362.31,16
2379,2023-05-13,153.03,3
2380,2023-05-13,378.84,4
2381,2023-05-13,96.44,12
2382,2023-05-13,446.45,5
2383,2023-05-13,222.22,5
2384,2023-05-13,338.71,5
2385,2023-05-14,288.73,1
2386,2023-05-14,324.64,6
2387,2023-05-14,248.04,7
2388,2023-05-14,332.64,5
2389,2023-05-14,463.95,20
2390,2023-05-14,358.95,7
2391,2023-05-15,453.47,5
2392,2023-05-15,388.6,19
2393,2023-05-15,378.5,12
2394,2023-05-15,483.46,11
2395,2023-05-15,405.98,8
2396,2023-05-15,174.64,3
2397,2023-05-16,299.03,20
2398,2023-05-16,374.53,10
2399,2023-05-16,400.54,1
2400,2023-05-16,431.55,10
2401,2023-05-16,142.45,20
2402,2023-05-16,279.29,13
2403,2023-05-16,182.99,2
2404,2023-05-16,402.71,8
2405,2023-05-17,223.65,8
2406,2023-05-17,274.81,20
2407,2023-05-17,81.96,1
2408,2023-05-17,494.1,11
2409,2023-05-17,109.39,19
2410,2023-05-17,239.39,18
2411,2023-05-17,357.32,16
2412,2023-05-17,479.5,3
2413,2023-05-17,57.51,3
2414,2023-05-17,56.21,7
2415,2023-05-17,67.92,2
2416,2023-05-17,476.91,13
2417,2023-05-18,178.92,17
2418,2023-05-18,395.2,14
2419,2023-05-18,365.81,3
2420,2023-05-18,338.24,18
2421,2023-05-18,327.22,9
2422,2023-05-18,87.62,3
2423,2023-05-18,280.09,7
2424,2023-05-18,488.44,5
2425,2023-05-18,291.38,13
2426,2023-05-18,313.9,3
2427,2023-05-18,189.58,14
2428,2023-05-18,378.48,8
2429,2023-05-18,76.06,3
2430,2023-05-19,102.19,20
2431,2023-05-19,323.97,10
2432,2023-05-19,349.74,6
2433,2023-05-19,103.75,5
2434,2023-05-19,365.67,6
2435,2023-05-19,273.39,12
2436,2023-05-19,285.35,9
2437,2023-05-19,125.13,5
2438,2023-05-19,387.4,9
2439,2023-05-19,379.82,4
2440,2023-05-19,397.14,1
2441,2023-05-20,413.2,9
2442,2023-05-20,285.73,9
2443,2023-05-20,370.55,19
2444,2023-05-20,332.39,16
2445,2023-05-20,254.84,12
2446,2023-05-20,74.95,19
2447,2023-05-20,125.1,6
2448,2023-05-20,164.8,4
2449,2023-05-20,452.42,4
2450,2023-05-20,152.78,17
2451,2023-05-21,69.82,1
2452,2023-05-21,160.05,16
2453,2023-05-21,213.79,5
2454,2023-05-21,130.53,2
2455,2023-05-21,298.79,14
2456,2023-05-22,194.81,14
2457,2023-05-22,462.13,11
2458,2023-05-22,172.07,3
2459,2023-05-22,307.19,4
2460,2023-05-22,275.92,2
2461,2023-05-22,130.7,17
2462,2023-05-22,491.64,13
2463,2023-05-22,81.02,15
2464,2023-05-23,398.09,10
2465,2023-05-23,197.29,18
2466,2023-05-23,255.54,12
2467,2023-05-23,140.3,19
2468,2023-05-23,403.03,20
2469,2023-05-23,159.16,12
2470,2023-05-23,316.26,16
2471,2023-05-23,499.0,7
2472,2023-05-23,379.61,18
2473,2023-05-24,117.75,14
2474,2023-05-24,60.76,18
2475,2023-05-24,205.89,1
2476,2023-05-24,477.95,1
2477,2023-05-24,391.52,13
2478,2023-05-24,432.05,10
2479,2023-05-24,96.78,17
2480,2023-05-24,492.4,14
2481,2023-05-25,482.53,5
2482,2023-05-25,370.24,3
2483,2023-05-25,69.76,8
2484,2023-05-25,453.78,17
2485,2023-05-25,235.88,12
2486,2023-05-25,256.31,3
2487,2023-05-25,311.35,17
2488,2023-05-25,110.08,13
2489,2023-05-25,83.67,19
2490,2023-05-25,78.03,5
2491,2023-05-25,156.55,9
2492,2023-05-25,432.91,13
2493,2023-05-26,193.13,9
2494,2023-05-26,155.13,7
2495,2023-05-26,111.25,19
2496,2023-05-26,99.04,4
2497,2023-05-26,123.97,15
2498,2023-05-26,191.31,4
2499,2023-05-26,291.17,7
2500,2023-05-26,253.36,15
2501,2023-05-26,169.25,4
2502,2023-05-26,90.69,10
2503,2023-05-27,68.15,11
2504,2023-05-27,116.75,8
2505,2023-05-27,485.78,13
2506,2023-05-27,281.06,10
2507,2023-05-27,167.08,6
2508,2023-05-27,63.99,13
2509,2023-05-27,434.57,18
2510,2023-05-27,386.64,8
2511,2023-05-27,92.63,4
2512,2023-05-27,411.75,5
2513,2023-05-27,104.65,2
2514,2023-05-27,423.67,8
2515,2023-05-27,108.82,13
2516,2023-05-27,217.51,3
2517,2023-05-28,313.75,3
2518,2023-05-28,59.81,3
2519,2023-05-28,138.99,15
2520,2023-05-28,414.18,3
2521,2023-05-28,457.29,11
2522,2023-05-28,105.14,15
2523,2023-05-28,72.79,19
2524,2023-05-28,244.92,13
2525,2023-05-28,273.26,13
2526,2023-05-28,357.45,6
2527,2023-05-28,209.27,6
2528,2023-05-28,173.74,15
2529,2023-05-28,447.54,2
2530,2023-05-28,326.35,20
2531,2023-05-29,341.28,16
2532,2023-05-29,235.4,18
2533,2023-05-29,265.56,3
2534,2023-05-29,175.9,5
2535,2023-05-29,238.66,17
2536,2023-05-29,162.12,18
2537,2023-05-29,407.68,13
2538,2023-05-29,401.86,12
2539,2023-05-30,295.03,16
2540,2023-05-30,204.82,19
2541,2023-05-30,276.08,13
2542,2023-05-30,171.7,1
2543,2023-05-30,193.49,8
2544,2023-05-30,63.19,9
2545,2023-05-30,76.37,16
2546,2023-05-30,288.24,19
2547,2023-05-30,499.82,6
2548,2023-05-30,95.06,8
2549,2023-05-30,169.94,2
2550,2023-05-30,393.82,8
2551,2023-05-31,430.93,13
2552,2023-05-31,209.66,6
2553,2023-05-31,129.25,19
2554,2023-05-31,193.1,12
2555,2023-05-31,461.29,1
2556,2023-05-31,366.55,12
2557,2023-05-31,476.4,19
2558,2023-05-31,113.95,7
2559,2023-05-31,426.51,16
2560,2023-05-31,293.96,6
2561,2023-05-31,270.7,3
2562,2023-05-31,75.28,20
2563,2023-05-31,148.46,17
2564,2023-05-31,265.1,11
2565,2023-06-01,140.66,5
2566,2023-06-01,203.34,6
2567,2023-06-01,463.45,11
2568,2023-06-01,76.8,5
2569,2023-06-01,313.97,5
2570,2023-06-01,398.46,17
2571,2023-06-01,437.3,3
2572,2023-06-01,218.12,13
2573,2023-06-01,313.71,11
2574,2023-06-01,185.79,5
2575,2023-06-01,489.14,14
2576,2023-06-01,406.33,16
2577,2023-06-01,342.13,6
2578,2023-06-01,368.23,18
2579,2023-06-02,404.15,8
2580,2023-06-02,349.49,6
2581,2023-06-02,220.27,10
2582,2023-06-02,107.31,1
2583,2023-06-02,476.95,19
2584,2023-06-02,226.22,19
2585,2023-06-02,64.57,20
2586,2023-06-02,193.2,20
2587,2023-06-02,149.4,19
2588,2023-06-02,96.85,16
2589,2023-06-02,113.29,3
2590,2023-06-02,157.1,11
2591,2023-06-02,125.55,3
2592,2023-06-02,419.75,11
2593,2023-06-03,55.13,7
2594,2023-06-03,162.29,3
2595,2023-06-03,207.72,4
2596,2023-06-03,374.19,2
2597,2023-06-03,223.67,14
2598,2023-06-03,486.1,14
2599,2023-06-03,271.89,13
2600,2023-06-03,208.05,13
2601,2023-06-03,95.64,16
2602,2023-06-03,404.93,19
2603,2023-06-03,342.94,8
2604,2023-06-03,123.2,3
2605,2023-06-04,182.71,11
2606,2023-06-04,167.51,4
2607,2023-06-04,83.39,6
2608,2023-06-04,449.57,6
2609,2023-06-04,379.39,18
2610,2023-06-05,202.08,20
2611,2023-06-05,451.95,1
2612,2023-06-05,244.1,6
2613,2023-06-05,323.29,14
2614,2023-06-05,120.7,4
2615,2023-06-05,198.99,7
2616,2023-06-06,363.74,18
2617,2023-06-06,169.37,10
2618,2023-06-06,183.83,4
2619,2023-06-06,72.34,19
2620,2023-06-06,297.35,16
2621,2023-06-06,119.12,12
2622,2023-06-06,51.72,3
2623,2023-06-06,182.55,20
2624,2023-06-06,266.15,4
2625,2023-06-06,61.58,6
2626,2023-06-06,337.19,3
2627,2023-06-07,429.7,10
2628,2023-06-07,403.19,16
2629,2023-06-07,270.09,9
2630,2023-06-07,91.01,18
2631,2023-06-07,224.39,12
2632,2023-06-07,448.47,12
2633,2023-06-07,133.96,2
2634,2023-06-07,168.48,15
2635,2023-06-07,168.53,9
2636,2023-06-07,303.91,5
2637,2023-06-07,388.51,4
2638,2023-06-07,88.57,12
2639,2023-06-08,236.29,19
2640,2023-06-08,152.38,2
2641,2023-06-08,428.36,17
2642,2023-06-08,238.38,18
2643,2023-06-08,359.18,16
2644,2023-06-08,307.72,8
2645,2023-06-08,264.32,3
2646,2023-06-08,227.66,2
2647,2023-06-08,275.95,17
2648,2023-06-08,410.2,20
2649,2023-06-08,116.35,15
2650,2023-06-08,127.8,6
2651,2023-06-08,487.47,7
2652,2023-06-09,69.2,3
2653,2023-06-09,494.73,14
2654,2023-06-09,140.86,5
2655,2023-06-09,425.35,9
2656,2023-06-09,193.89,3
2657,2023-06-09,89.16,18
2658,2023-06-09,228.81,11
2659,2023-06-10,283.86,1
2660,2023-06-10,403.95,20
2661,2023-06-10,314.41,14
2662,2023-06-10,100.63,5
2663,2023-06-10,116.69,19
2664,2023-06-10,312.2,4
2665,2023-06-10,466.22,19
2666,2023-06-10,400.8,10
2667,2023-06-10,440.36,12
2668,2023-06-11,168.86,16
2669,2023-06-11,307.41,16
2670,2023-06-11,66.86,9
2671,2023-06-11,231.34,20
2672,2023-06-11,323.89,13
2673,2023-06-11,67.45,11
2674,2023-06-11,360.73,2
2675,2023-06-11,385.59,9
2676,2023-06-11,453.66,1
2677,2023-06-11,202.04,10
2678,2023-06-11,189.93,16
2679,2023-06-12,94.2,8
2680,2023-06-12,110.47,15
2681,2023-06-12,398.31,11
2682,2023-06-12,171.24,14
2683,2023-06-12,322.24,3
2684,2023-06-12,134.57,7
2685,2023-06-12,461.04,14
2686,2023-06-12,383.43,17
2687,2023-06-12,440.24,2
2688,2023-06-12,281.87,6
2689,2023-06-12,79.53,17
2690,2023-06-12,231.52,17
2691,2023-06-12,445.7,1
2692,2023-06-12,128.18,7
2693,2023-06-12,426.64,8
2694,2023-06-13,255.4,12
2695,2023-06-13,367.09,9
2696,2023-06-13,215.76,15
2697,2023-06-13,277.31,4
2698,2023-06-13,356.53,8
2699,2023-06-14,269.95,15
2700,2023-06-14,129.91,16
2701,2023-06-14,314.1,12
2702,2023-06-14,204.91,9
2703,2023-06-14,387.03,3
2704,2023-06-14,178.28,13
2705,2023-06-14,72.34,19
2706,2023-06-14,400.92,7
2707,2023-06-14,435.7,8
2708,2023-06-14,354.96,9
2709,2023-06-15,234.28,1
2710,2023-06-15,439.08,1
2711,2023-06-15,263.34,5
2712,2023-06-15,341.32,20
2713,2023-06-15,410.39,8
2714,2023-06-15,163.58,10
2715,2023-06-15,370.73,9
2716,2023-06-15,240.71,13
2717,2023-06-15,433.21,15
2718,2023-06-15,163.4,15
2719,2023-06-15,185.97,17
2720,2023-06-15,420.94,13
2721,2023-06-15,313.02,1
2722,2023-06-15,280.18,12
2723,2023-06-15,302.66,20
2724,2023-06-16,177.2,4
2725,2023-06-16,266.78,11
2726,2023-06-16,494.76,11
2727,2023-06-16,437.67,9
2728,2023-06-16,345.25,10
2729,2023-06-16,134.76,17
2730,2023-06-16,394.46,2
2731,2023-06-16,412.44,20
2732,2023-06-16,231.84,11
2733,2023-06-16,356.34,1
2734,2023-06-16,344.93,10
2735,2023-06-16,166.74,14
2736,2023-06-16,232.07,2
2737,2023-06-16,312.36,19
2738,2023-06-17,204.43,8
2739,2023-06-17,358.84,16
2740,2023-06-17,457.94,12
2741,2023-06-17,278.29,6
2742,2023-06-17,428.29,18
2743,2023-06-17,131.51,4
2744,2023-06-17,261.85,9
2745,2023-06-17,376.33,18
2746,2023-06-18,476.12,11
2747,2023-06-18,344.5,8
2748,2023-06-18,209.88,10
2749,2023-06-18,239.21,11
2750,2023-06-18,217.26,19
2751,2023-06-18,182.32,4
2752,2023-06-18,261.74,19
2753,2023-06-19,474.94,3
2754,2023-06-19,262.5,7
2755,2023-06-19,275.21,13
2756,2023-06-19,288.43,14
2757,2023-06-19,74.33,5
2758,2023-06-19,111.81,7
2759,2023-06-19,204.2,19
2760,2023-06-19,451.78,15
2761,2023-06-19,114.45,6
2762,2023-06-19,400.52,16
2763,2023-06-19,199.68,6
2764,2023-06-19,191.04,2
2765,2023-06-19,52.12,9
2766,2023-06-19,144.22,6
2767,2023-06-20,394.02,16
2768,2023-06-20,403.34,3
2769,2023-06-20,108.23,14
2770,2023-06-20,335.07,13
2771,2023-06-20,243.06,16
2772,2023-06-20,222.49,2
2773,2023-06-20,290.2,12
2774,2023-06-20,477.53,11
2775,2023-06-20,390.58,17
2776,2023-06-20,135.76,1
2777,2023-06-20,332.01,8
2778,2023-06-20,151.82,12
2779,2023-06-20,190.44,4
2780,2023-06-20,222.6,19
2781,2023-06-21,125.16,2
2782,2023-06-21,184.19,10
2783,2023-06-21,255.17,17
2784,2023-06-21,318.37,11
2785,2023-06-21,245.15,5
2786,2023-06-21,204.23,16
2787,2023-06-21,211.66,7
2788,2023-06-21,124.2,13
2789,2023-06-21,58.61,8
2790,2023-06-22,145.04,1
2791,2023-06-22,315.36,6
2792,2023-06-22,105.42,2
2793,2023-06-22,218.84,9
2794,2023-06-22,397.06,20
2795,2023-06-22,71.86,2
2796,2023-06-22,347.89,1
2797,2023-06-23,360.39,14
2798,2023-06-23,249.94,4
2799,2023-06-23,296.28,16
2800,2023-06-23,365.84,7
2801,2023-06-23,362.84,1
2802,2023-06-24,239.39,4
2803,2023-06-24,348.12,9
2804,2023-06-24,330.26,5
2805,2023-06-24,238.47,4
2806,2023-06-24,280.21,20
2807,2023-06-24,102.98,4
2808,2023-06-24,403.14,16
2809,2023-06-24,139.39,7
2810,2023-06-24,400.08,17
2811,2023-06-25,211.06,14
2812,2023-06-25,182.91,2
2813,2023-06-25,296.66,7
2814,2023-06-25,359.69,16
2815,2023-06-25,198.77,1
2816,2023-06-25,55.74,3
2817,2023-06-25,458.1,19
2818,2023-06-25,351.06,5
2819,2023-06-26,400.79,3
2820,2023-06-26,375.6,4
2821,2023-06-26,457.15,8
2822,2023-06-26,255.54,10
2823,2023-06-26,168.86,2
2824,2023-06-26,94.91,6
2825,2023-06-27,433.51,12
2826,2023-06-27,410.72,11
2827,2023-06-27,241.7,4
2828,2023-06-27,92.75,2
2829,2023-06-27,54.35,5
2830,2023-06-28,341.24,11
2831,2023-06-28,210.89,15
2832,2023-06-28,479.79,9
2833,2023-06-28,445.31,3
2834,2023-06-28,217.68,11
2835,2023-06-28,132.29,13
2836,2023-06-28,230.11,15
2837,2023-06-28,172.32,13
2838,2023-06-28,360.46,16
2839,2023-06-28,409.95,6
2840,2023-06-28,100.88,2
2841,2023-06-28,491.71,6
2842,2023-06-28,96.67,19
2843,2023-06-28,267.2,19
2844,2023-06-28,355.28,6
2845,2023-06-29,220.89,12
2846,2023-06-29,325.11,5
2847,2023-06-29,267.39,16
2848,2023-06-29,100.82,14
2849,2023-06-29,248.31,3
2850,2023-06-29,167.73,11
2851,2023-06-29,55.56,17
2852,2023-06-29,395.39,19
2853,2023-06-29,375.7,8
2854,2023-06-29,490.05,11
2855,2023-06-29,283.59,20
2856,2023-06-29,92.86,8
2857,2023-06-29,266.87,13
2858,2023-06-29,116.89,18
2859,2023-06-30,74.55,6
2860,2023-06-30,277.51,16
2861,2023-06-30,433.34,6
2862,2023-06-30,83.69,16
2863,2023-06-30,194.29,11
2864,2023-06-30,486.57,2
2865,2023-06-30,278.12,18
2866,2023-06-30,339.49,13
2867,2023-06-30,417.7,3
2868,2023-06-30,256.59,19
2869,2023-06-30,251.64,16
2870,2023-06-30,251.18,4
2871,2023-06-30,491.3,1
2872,2023-06-30,96.19,14
2873,2023-07-01,300.71,1
2874,2023-07-01,421.66,20
2875,2023-07-01,483.43,10
2876,2023-07-01,450.55,18
2877,2023-07-01,143.08,15
2878,2023-07-02,213.5,2
2879,2023-07-02,417.46,15
2880,2023-07-02,199.39,20
2881,2023-07-02,319.98,12
2882,2023-07-02,372.16,4
2883,2023-07-02,93.85,8
2884,2023-07-02,50.99,12
2885,2023-07-02,423.45,10
2886,2023-07-02,296.46,12
2887,2023-07-02,365.94,2
2888,2023-07-03,271.59,14
2889,2023-07-03,98.13,20
2890,2023-07-03,138.16,4
2891,2023-07-03,468.6,13
2892,2023-07-03,147.02,7
2893,2023-07-03,372.55,4
2894,2023-07-03,390.72,2
2895,2023-07-04,426.86,19
2896,2023-07-04,105.45,15
2897,2023-07-04,255.82,19
2898,2023-07-04,480.29,5
2899,2023-07-04,483.73,1
2900,2023-07-04,288.66,2
2901,2023-07-04,298.95,14
2902,2023-07-04,427.47,16
2903,2023-07-04,465.97,6
2904,2023-07-04,361.32,6
2905,2023-07-04,378.72,5
2906,2023-07-04,96.6,20
2907,2023-07-04,322.77,11
2908,2023-07-04,276.85,13
2909,2023-07-04,238.4,20
2910,2023-07-05,173.12,11
2911,2023-07-05,486.72,15
2912,2023-07-05,412.16,5
2913,2023-07-05,235.74,17
2914,2023-07-05,184.51,18
2915,2023-07-05,437.32,18
2916,2023-07-05,334.66,7
2917,2023-07-05,144.37,10
2918,2023-07-06,205.38,5
2919,2023-07-06,491.6,6
2920,2023-07-06,276.75,11
2921,2023-07-06,369.66,12
2922,2023-07-06,303.03,19
2923,2023-07-06,306.79,14
2924,2023-07-06,353.41,18
2925,2023-07-06,178.67,14
2926,2023-07-06,413.74,17
2927,2023-07-06,97.91,13
2928,2023-07-06,115.4,2
2929,2023-07-06,139.96,6
2930,2023-07-06,492.59,9
2931,2023-07-06,115.89,2
2932,2023-07-06,360.77,10
2933,2023-07-07,389.12,2
2934,2023-07-07,211.41,15
2935,2023-07-07,96.12,18
2936,2023-07-07,439.18,18
2937,2023-07-07,225.0,17
2938,2023-07-07,402.94,10
2939,2023-07-07,361.82,2
2940,2023-07-07,466.92,13
2941,2023-07-08,480.52,11
2942,2023-07-08,484.62,2
2943,2023-07-08,55.83,9
2944,2023-07-08,141.39,15
2945,2023-07-08,423.49,12
2946,2023-07-08,389.8,18
2947,2023-07-08,382.3,7
2948,2023-07-08,399.27,7
2949,2023-07-08,182.38,6
2950,2023-07-08,492.55,3
2951,2023-07-08,134.14,6
2952,2023-07-09,103.71,2
2953,2023-07-09,242.83,18
2954,2023-07-09,168.91,6
2955,2023-07-09,312.79,9
2956,2023-07-09,52.54,15
2957,2023-07-09,369.36,5
2958,2023-07-09,67.97,11
2959,2023-07-09,318.6,20
2960,2023-07-09,429.41,10
2961,2023-07-09,270.75,19
2962,2023-07-09,297.57,3
2963,2023-07-09,402.81,11
2964,2023-07-09,286.43,6
2965,2023-07-10,80.68,17
2966,2023-07-10,121.72,18
2967,2023-07-10,291.67,3
2968,2023-07-10,207.23,7
2969,2023-07-10,348.5,11
2970,2023-07-10,212.36,7
2971,2023-07-10,477.64,20
2972,2023-07-10,288.72,18
2973,2023-07-10,420.66,1
2974,2023-07-10,101.62,12
2975,2023-07-10,250.55,20
2976,2023-07-10,463.37,8
2977,2023-07-10,481.5,11
2978,2023-07-11,462.17,4
2979,2023-07-11,223.64,18
2980,2023-07-11,375.79,1
2981,2023-07-11,460.1,12
2982,2023-07-11,281.44,17
2983,2023-07-11,250.5,2
2984,2023-07-11,183.4,7
2985,2023-07-11,194.14,3
2986,2023-07-11,476.7,6
2987,2023-07-11,487.23,18
2988,2023-07-11,289.94,3
2989,2023-07-12,351.65,7
2990,2023-07-12,439.23,14
2991,2023-07-12,426.05,7
2992,2023-07-12,291.99,14
2993,2023-07-12,340.95,3
2994,2023-07-12,386.1,5
2995,2023-07-12,60.69,11
2996,2023-07-12,67.05,3
2997,2023-07-13,130.1,9
2998,2023-07-13,301.14,19
2999,2023-07-13,419.73,9
3000,2023-07-13,233.43,15
3001,2023-07-13,333.6,14
3002,2023-07-14,57.6,4
3003,2023-07-14,290.68,20
3004,2023-07-14,78.46,19
3005,2023-07-14,70.48,3
3006,2023-07-14,210.97,17
3007,2023-07-14,97.76,10
3008,2023-07-14,322.95,10
3009,2023-07-14,394.37,15
3010,2023-07-14,221.64,1
3011,2023-07-14,263.29,18
3012,2023-07-15,111.37,13
3013,2023-07-15,408.55,18
3014,2023-07-15,182.74,5
3015,2023-07-15,184.13,12
3016,2023-07-15,480.83,1
3017,2023-07-15,299.09,18
3018,2023-07-15,113.62,2
3019,2023-07-15,52.26,20
3020,2023-07-16,291.72,3
3021,2023-07-16,187.11,12
3022,2023-07-16,145.28,17
3023,2023-07-16,114.1,6
3024,2023-07-16,149.35,9
3025,2023-07-16,137.45,6
3026,2023-07-16,351.94,19
3027,2023-07-16,433.51,18
3028,2023-07-16,257.57,18
3029,2023-07-16,82.92,3
3030,2023-07-16,162.81,7
3031,2023-07-17,269.24,11
3032,2023-07-17,210.71,8
3033,2023-07-17,95.02,20
3034,2023-07-17,81.41,7
3035,2023-07-17,193.0,15
3036,2023-07-17,197.76,10
3037,2023-07-17,362.06,5
3038,2023-07-17,304.5,12
3039,2023-07-17,413.46,14
3040,2023-07-17,125.89,11
3041,2023-07-17,160.78,8
3042,2023-07-17,370.49,14
3043,2023-07-17,174.51,12
3044,2023-07-17,110.44,11
3045,2023-07-18,258.28,12
3046,2023-07-18,398.65,16
3047,2023-07-18,298.25,6
3048,2023-07-18,340.5,3
3049,2023-07-18,428.81,5
3050,2023-07-18,451.08,7
3051,2023-07-18,168.46,3
3052,2023-07-18,377.34,1
3053,2023-07-18,432.31,1
3054,2023-07-18,415.69,19
3055,2023-07-18,232.31,19
3056,2023-07-18,145.74,2
3057,2023-07-19,167.28,18
3058,2023-07-19,262.45,5
3059,2023-07-19,214.62,8
3060,2023-07-19,451.15,19
3061,2023-07-19,379.95,10
3062,2023-07-19,110.25,17
3063,2023-07-19,279.69,13
3064,2023-07-19,213.74,1
3065,2023-07-19,348.21,20
3066,2023-07-19,357.87,17
3067,2023-07-19,113.17,6
3068,2023-07-19,130.62,19
3069,2023-07-19,346.74,5
3070,2023-07-20,472.63,2
3071,2023-07-20,148.47,16
3072,2023-07-20,154.29,9
3073,2023-07-20,216.25,2
3074,2023-07-20,350.86,17
3075,2023-07-20,458.48,12
3076,2023-07-20,224.64,15
3077,2023-07-20,446.7,2
3078,2023-07-20,491.27,11
3079,2023-07-20,96.45,17
3080,2023-07-20,335.11,9
3081,2023-07-20,425.69,9
3082,2023-07-21,294.96,6
3083,2023-07-21,219.5,13
3084,2023-07-21,214.38,3
3085,2023-07-21,282.5,13
3086,2023-07-21,487.7,8
3087,2023-07-21,282.37,12
3088,2023-07-21,417.76,12
3089,2023-07-21,269.09,16
3090,2023-07-21,449.23,1
3091,2023-07-21,275.83,5
3092,2023-07-21,247.95,8
3093,2023-07-21,84.69,9
3094,2023-07-21,145.18,6
3095,2023-07-21,120.81,20
3096,2023-07-22,347.5,14
3097,2023-07-22,415.03,4
3098,2023-07-22,266.68,16
3099,2023-07-22,265.56,19
3100,2023-07-22,122.56,14
3101,2023-07-22,60.1,2
3102,2023-07-23,308.07,6
3103,2023-07-23,110.63,17
3104,2023-07-23,67.64,19
3105,2023-07-23,116.09,6
3106,2023-07-23,166.22,6
3107,2023-07-23,282.49,13
3108,2023-07-23,319.71,19
3109,2023-07-24,58.38,10
3110,2023-07-24,476.26,7
3111,2023-07-24,252.14,16
3112,2023-07-24,440.29,6
3113,2023-07-24,148.71,14
3114,2023-07-24,320.38,19
3115,2023-07-24,419.2,6
3116,2023-07-24,330.45,17
3117,2023-07-24,169.03,11
3118,2023-07-24,465.06,20
3119,2023-07-24,315.77,8
3120,2023-07-24,220.2,5
3121,2023-07-24,98.86,7
3122,2023-07-24,285.22,17
3123,2023-07-24,357.97,5
3124,2023-07-25,93.33,16
3125,2023-07-25,455.72,20
3126,2023-07-25,67.57,18
3127,2023-07-25,276.5,4
3128,2023-07-25,91.94,5
3129,2023-07-25,455.89,18
3130,2023-07-25,422.38,14
3131,2023-07-25,284.92,12
3132,2023-07-25,443.67,17
3133,2023-07-25,243.03,16
3134,2023-07-25,405.3,13
3135,2023-07-25,207.73,19
3136,2023-07-25,93.97,5
3137,2023-07-25,164.53,8
3138,2023-07-26,177.47,18
3139,2023-07-26,233.89,7
3140,2023-07-26,52.46,1
3141,2023-07-26,310.09,4
3142,2023-07-26,283.89,13
3143,2023-07-26,344.55,11
3144,2023-07-27,213.02,5
3145,2023-07-27,241.73,19
3146,2023-07-27,164.13,18
3147,2023-07-27,240.6,12
3148,2023-07-27,325.35,13
3149,2023-07-27,389.74,14
3150,2023-07-27,298.45,18
3151,2023-07-27,267.11,12
3152,2023-07-27,301.59,16
3153,2023-07-27,164.2,10
3154,2023-07-27,309.94,13
3155,2023-07-28,434.75,4
3156,2023-07-28,386.52,15
3157,2023-07-28,402.4,6
3158,2023-07-28,95.13,17
3159,2023-07-28,230.25,11
3160,2023-07-28,410.38,20
3161,2023-07-28,363.68,2
3162,2023-07-29,225.1,1
3163,2023-07-29,411.97,5
3164,2023-07-29,262.25,20
3165,2023-07-29,245.92,3
3166,2023-07-29,168.39,12
3167,2023-07-29,86.02,2
3168,2023-07-29,376.02,13
3169,2023-07-30,345.28,10
3170,2023-07-30,370.22,20
3171,2023-07-30,75.86,6
3172,2023-07-30,338.13,15
3173,2023-07-30,54.82,17
3174,2023-07-30,178.7,2
3175,2023-07-30,402.78,17
3176,2023-07-30,282.12,8
3177,2023-07-30,326.84,2
3178,2023-07-30,211.88,1
3179,2023-07-30,489.04,3
3180,2023-07-30,498.57,13
3181,2023-07-30,208.91,13
3182,2023-07-30,232.45,7
3183,2023-07-31,56.91,3
3184,2023-07-31,463.63,18
3185,2023-07-31,178.02,18
3186,2023-07-31,461.75,12
3187,2023-07-31,206.36,9
3188,2023-07-31,151.83,7
3189,2023-07-31,254.64,13
3190,2023-07-31,308.71,9
3191,2023-07-31,128.77,17
3192,2023-07-31,97.91,3
3193,2023-07-31,276.43,11
3194,2023-07-31,476.16,17
3195,2023-07-31,480.52,18
3196,2023-08-01,162.56,15
3197,2023-08-01,484.72,19
3198,2023-08-01,267.63,8
3199,2023-08-01,390.86,15
3200,2023-08-01,356.72,19
3201,2023-08-01,437.91,16
3202,2023-08-01,102.32,3
3203,2023-08-01,222.2,8
3204,2023-08-01,354.61,8
3205,2023-08-01,410.07,14
3206,2023-08-01,479.95,17
3207,2023-08-01,291.04,9
3208,2023-08-01,161.72,3
3209,2023-08-01,229.52,11
3210,2023-08-02,299.55,6
3211,2023-08-02,264.45,12
3212,2023-08-02,148.35,19
3213,2023-08-02,171.08,7
3214,2023-08-02,274.55,7
3215,2023-08-02,155.69,8
3216,2023-08-03,143.05,7
3217,2023-08-03,425.72,20
3218,2023-08-03,210.21,4
3219,2023-08-03,103.95,3
3220,2023-08-03,354.12,16
3221,2023-08-03,326.22,18
3222,2023-08-03,481.1,16
3223,2023-08-03,217.04,11
3224,2023-08-03,271.55,19
3225,2023-08-04,270.86,17
3226,2023-08-04,176.12,8
3227,2023-08-04,387.58,5
3228,2023-08-04,74.37,14
3229,2023-08-04,265.24,18
3230,2023-08-04,64.65,12
3231,2023-08-04,227.17,6
3232,2023-08-04,255.74,4
3233,2023-08-04,364.21,15
3234,2023-08-05,360.14,1
3235,2023-08-05,353.35,13
3236,2023-08-05,311.45,11
3237,2023-08-05,212.72,9
3238,2023-08-05,134.22,9
3239,2023-08-05,156.71,16
3240,2023-08-05,481.34,11
3241,2023-08-05,214.67,16
3242,2023-08-05,240.77,14
3243,2023-08-05,365.32,12
3244,2023-08-06,434.45,9
3245,2023-08-06,252.83,19
3246,2023-08-06,109.01,19
3247,2023-08-06,358.71,4
3248,2023-08-06,374.37,8
3249,2023-08-06,299.9,13
3250,2023-08-06,138.23,5
3251,2023-08-06,262.84,1
3252,2023-08-06,129.47,16
3253,2023-08-06,110.51,17
3254,2023-08-07,374.25,16
3255,2023-08-07,185.02,18
3256,2023-08-07,436.33,2
3257,2023-08-07,229.28,6
3258,2023-08-07,77.02,9
3259,2023-08-07,264.44,4
3260,2023-08-07,252.43,11
3261,2023-08-07,166.9,12
3262,2023-08-07,302.16,9
3263,2023-08-07,204.86,14
3264,2023-08-07,104.56,20
3265,2023-08-07,139.53,19
3266,2023-08-07,342.44,18
3267,2023-08-08,490.72,10
3268,2023-08-08,209.8,17
3269,2023-08-08,269.37,15
3270,2023-08-08,450.33,13
3271,2023-08-08,326.15,15
3272,2023-08-08,334.27,5
3273,2023-08-08,440.72,11
3274,2023-08-09,334.07,19
3275,2023-08-09,232.15,3
3276,2023-08-09,85.6,11
3277,2023-08-09,152.7,11
3278,2023-08-09,343.86,9
3279,2023-08-09,322.42,13
3280,2023-08-09,172.06,15
3281,2023-08-09,401.44,12
3282,2023-08-09,386.55,17
3283,2023-08-09,484.49,14
3284,2023-08-09,125.29,1
3285,2023-08-10,377.5,9
3286,2023-08-10,473.2,3
3287,2023-08-10,144.76,13
3288,2023-08-10,96.35,3
3289,2023-08-10,471.56,16
3290,2023-08-10,296.8,1
3291,2023-08-10,396.92,17
3292,2023-08-11,96.77,20
3293,2023-08-11,119.87,13
3294,2023-08-11,189.22,8
3295,2023-08-11,381.92,15
3296,2023-08-11,331.92,5
3297,2023-08-11,287.03,6
3298,2023-08-12,65.82,12
3299,2023-08-12,437.17,11
3300,2023-08-12,438.91,15
3301,2023-08-12,488.74,18
3302,2023-08-12,470.69,18
3303,2023-08-13,110.8,18
3304,2023-08-13,129.67,20
3305,2023-08-13,255.44,19
3306,2023-08-13,245.74,18
3307,2023-08-13,189.35,12
3308,2023-08-13,266.74,8
3309,2023-08-13,412.12,15
3310,2023-08-13,188.54,14
3311,2023-08-13,166.91,10
3312,2023-08-13,54.75,17
3313,2023-08-13,416.92,5
3314,2023-08-13,204.75,16
3315,2023-08-14,53.74,16
3316,2023-08-14,476.13,16
3317,2023-08-14,184.82,14
3318,2023-08-14,409.08,20
3319,2023-08-14,154.05,1
3320,2023-08-14,296.7,7
3321,2023-08-14,235.28,18
3322,2023-08-14,246.7,8
3323,2023-08-14,123.47,13
3324,2023-08-14,422.79,8
3325,2023-08-14,168.34,14
3326,2023-08-14,331.4,17
3327,2023-08-14,394.04,20
3328,2023-08-15,172.34,18
3329,2023-08-15,413.96,14
3330,2023-08-15,134.6,3
3331,2023-08-15,132.08,10
3332,2023-08-15,99.66,15
3333,2023-08-15,327.98,9
3334,2023-08-15,365.21,16
3335,2023-08-15,134.51,1
3336,2023-08-15,118.47,18
3337,2023-08-15,59.96,4
3338,2023-08-15,176.95,5
3339,2023-08-15,371.84,1
3340,2023-08-15,154.76,5
3341,2023-08-15,56.63,7
3342,2023-08-15,203.86,10
3343,2023-08-16,499.08,15
3344,2023-08-16,363.62,2
3345,2023-08-16,198.61,5
3346,2023-08-16,75.22,13
3347,2023-08-16,82.12,16
3348,2023-08-16,131.72,9
3349,2023-08-16,417.76,1
3350,2023-08-16,104.88,8
3351,2023-08-16,223.16,15
3352,2023-08-16,161.22,2
3353,2023-08-16,139.63,4
3354,2023-08-16,284.51,7
3355,2023-08-17,225.11,10
3356,2023-08-17,471.3,6
3357,2023-08-17,333.12,2
3358,2023-08-17,385.13,18
3359,2023-08-17,284.42,9
3360,2023-08-17,266.55,10
3361,2023-08-17,139.43,2
3362,2023-08-17,438.65,7
3363,2023-08-17,487.97,8
3364,2023-08-17,334.81,11
3365,2023-08-17,56.78,9
3366,2023-08-17,313.11,13
3367,2023-08-18,54.02,2
3368,2023-08-18,311.48,16
3369,2023-08-18,359.78,5
3370,2023-08-18,217.13,3
3371,2023-08-18,161.93,16
3372,2023-08-18,91.13,20
3373,2023-08-18,202.29,2
3374,2023-08-18,76.9,5
3375,2023-08-19,406.16,5
3376,2023-08-19,269.53,11
3377,2023-08-19,491.75,12
3378,2023-08-19,412.49,15
3379,2023-08-19,379.93,1
3380,2023-08-19,360.16,12
3381,2023-08-19,375.98,9
3382,2023-08-19,454.4,16
3383,2023-08-19,367.98,18
3384,2023-08-19,182.62,16
3385,2023-08-19,135.4,6
3386,2023-08-19,294.63,11
3387,2023-08-19,379.58,9
3388,2023-08-20,461.51,18
3389,2023-08-20,122.15,17
3390,2023-08-20,119.76,10
3391,2023-08-20,418.74,18
3392,2023-08-20,215.2,1
3393,2023-08-20,399.16,17
3394,2023-08-20,220.57,6
3395,2023-08-20,447.32,20
3396,2023-08-20,435.57,20
3397,2023-08-20,157.45,3
3398,2023-08-20,346.23,18
3399,2023-08-20,418.57,7
3400,2023-08-20,285.83,16
3401,2023-08-20,394.58,5
3402,2023-08-21,177.41,14
3403,2023-08-21,338.41,4
3404,2023-08-21,93.32,3
3405,2023-08-21,69.7,5
3406,2023-08-21,130.39,2
3407,2023-08-21,140.94,16
3408,2023-08-21,136.23,2
3409,2023-08-21,306.96,13
3410,2023-08-21,346.06,17
3411,2023-08-21,330.79,19
3412,2023-08-21,165.17,12
3413,2023-08-21,149.33,3
3414,2023-08-21,55.89,7
3415,2023-08-21,345.09,3
3416,2023-08-22,410.46,2
3417,2023-08-22,212.42,14
3418,2023-08-22,419.91,2
3419,2023-08-22,420.64,9
3420,2023-08-22,288.06,3
3421,2023-08-22,425.51,3
3422,2023-08-22,475.07,17
3423,2023-08-22,93.7,8
3424,2023-08-22,289.25,7
3425,2023-08-22,136.9,8
3426,2023-08-22,306.51,6
3427,2023-08-22,301.29,18
3428,2023-08-23,385.75,19
3429,2023-08-23,211.08,15
3430,2023-08-23,366.15,14
3431,2023-08-23,447.27,6
3432,2023-08-23,406.61,18
3433,2023-08-23,230.7,11
3434,2023-08-23,345.89,18
3435,2023-08-23,499.3,15
3436,2023-08-23,470.08,11
3437,2023-08-23,297.54,11
3438,2023-08-23,430.18,14
3439,2023-08-24,243.76,11
3440,2023-08-24,323.79,19
3441,2023-08-24,295.53,13
3442,2023-08-24,394.57,9
3443,2023-08-24,212.0,15
3444,2023-08-24,251.37,13
3445,2023-08-24,50.09,2
3446,2023-08-24,492.33,20
3447,2023-08-24,57.34,5
3448,2023-08-24,497.04,10
3449,2023-08-24,52.96,8
3450,2023-08-24,146.67,11
3451,2023-08-24,59.77,9
3452,2023-08-24,463.6,17
3453,2023-08-24,300.35,19
3454,2023-08-25,92.43,15
3455,2023-08-25,210.05,5
3456,2023-08-25,169.24,19
3457,2023-08-25,162.44,9
3458,2023-08-25,414.98,3
3459,2023-08-25,306.72,19
3460,2023-08-25,463.05,3
3461,2023-08-26,406.81,6
3462,2023-08-26,269.72,19
3463,2023-08-26,418.78,4
3464,2023-08-26,317.85,10
3465,2023-08-26,66.82,19
3466,2023-08-26,221.7,2
3467,2023-08-26,464.84,11
3468,2023-08-26,206.57,14
3469,2023-08-26,237.43,4
3470,2023-08-26,441.4,8
3471,2023-08-27,432.27,1
3472,2023-08-27,335.25,13
3473,2023-08-27,74.36,17
3474,2023-08-27,68.53,18
3475,2023-08-27,304.21,11
3476,2023-08-27,276.08,8
3477,2023-08-27,118.94,13
3478,2023-08-27,486.97,20
3479,2023-08-27,308.86,3
3480,2023-08-27,149.94,10
3481,2023-08-27,403.87,5
3482,2023-08-27,109.49,3
3483,2023-08-27,264.13,2
3484,2023-08-27,296.67,9
3485,2023-08-27,88.29,17
3486,2023-08-28,398.22,5
3487,2023-08-28,392.91,16
3488,2023-08-28,301.68,16
3489,2023-08-28,227.89,19
3490,2023-08-28,138.24,20
3491,2023-08-28,498.69,17
3492,2023-08-28,160.81,3
3493,2023-08-28,169.82,14
3494,2023-08-28,195.54,19
3495,2023-08-28,90.32,14
3496,2023-08-28,240.59,12
3497,2023-08-29,194.33,20
3498,2023-08-29,344.93,10
3499,2023-08-29,126.16,12
3500,2023-08-29,327.3,15
3501,2023-08-29,330.43,15
3502,2023-08-29,70.19,8
3503,2023-08-29,139.86,12
3504,2023-08-29,120.2,3
3505,2023-08-30,382.81,8
3506,2023-08-30,477.02,5
3507,2023-08-30,440.94,10
3508,2023-08-30,56.18,4
3509,2023-08-30,187.3,16
3510,2023-08-30,60.24,7
3511,2023-08-31,145.34,18
3512,2023-08-31,285.47,9
3513,2023-08-31,296.96,20
3514,2023-08-31,378.47,5
3515,2023-08-31,362.78,1
3516,2023-08-31,219.47,17
3517,2023-08-31,69.57,6
3518,2023-08-31,77.05,7
3519,2023-08-31,405.13,20
3520,2023-08-31,172.08,15
3521,2023-08-31,344.64,1
3522,2023-08-31,79.97,9
3523,2023-08-31,348.34,12
3524,2023-09-01,58.59,13
3525,2023-09-01,154.03,13
3526,2023-09-01,278.84,4
3527,2023-09-01,456.74,16
3528,2023-09-01,440.05,18
3529,2023-09-01,89.61,7
3530,2023-09-02,485.06,18
3531,2023-09-02,466.86,1
3532,2023-09-02,67.89,17
3533,2023-09-02,187.22,16
3534,2023-09-02,227.03,6
3535,2023-09-02,58.27,12
3536,2023-09-02,209.92,10
3537,2023-09-02,156.29,17
3538,2023-09-02,174.15,2
3539,2023-09-02,331.61,13
3540,2023-09-02,450.68,1
3541,2023-09-02,474.86,9
3542,2023-09-02,151.51,11
3543,2023-09-03,345.62,3
3544,2023-09-03,378.45,17
3545,2023-09-03,482.27,20
3546,2023-09-03,442.72,8
3547,2023-09-03,237.8,19
3548,2023-09-03,118.74,10
3549,2023-09-03,459.38,11
3550,2023-09-03,252.13,5
3551,2023-09-03,143.04,5
3552,2023-09-03,311.46,7
3553,2023-09-03,438.16,10
3554,2023-09-04,459.3,14
3555,2023-09-04,498.06,5
3556,2023-09-04,345.3,19
3557,2023-09-04,462.7,11
3558,2023-09-04,80.52,18
3559,2023-09-04,476.87,4
3560,2023-09-04,132.86,5
3561,2023-09-04,377.19,11
3562,2023-09-04,446.06,14
3563,2023-09-04,482.54,10
3564,2023-09-04,249.35,9
3565,2023-09-04,118.38,7
3566,2023-09-04,98.05,6
3567,2023-09-05,393.1,20
3568,2023-09-05,327.63,20
3569,2023-09-05,305.17,8
3570,2023-09-05,318.36,8
3571,2023-09-05,359.32,12
3572,2023-09-06,359.66,16
3573,2023-09-06,110.34,20
3574,2023-09-06,260.94,12
3575,2023-09-06,132.79,13
3576,2023-09-06,271.15,5
3577,2023-09-06,123.7,8
3578,2023-09-07,233.87,1
3579,2023-09-07,466.45,14
3580,2023-09-07,150.15,7
3581,2023-09-07,391.0,3
3582,2023-09-07,129.69,15
3583,2023-09-08,270.47,11
3584,2023-09-08,440.05,8
3585,2023-09-08,242.4,2
3586,2023-09-08,323.57,13
3587,2023-09-08,374.09,13
3588,2023-09-08,325.18,19
3589,2023-09-08,317.21,17
3590,2023-09-08,338.63,2
3591,2023-09-08,284.29,15
3592,2023-09-08,255.61,2
3593,2023-09-08,445.0,8
3594,2023-09-08,283.42,13
3595,2023-09-08,492.72,2
3596,2023-09-08,300.97,17
3597,2023-09-09,483.17,7
3598,2023-09-09,181.03,13
3599,2023-09-09,447.98,10
3600,2023-09-09,257.61,14
3601,2023-09-09,182.49,2
3602,2023-09-09,360.48,5
3603,2023-09-09,258.61,15
3604,2023-09-09,90.7,17
3605,2023-09-09,100.93,19
3606,2023-09-09,472.03,18
3607,2023-09-09,110.89,14
3608,2023-09-09,195.56,1
3609,2023-09-09,130.5,19
3610,2023-09-09,453.48,7
3611,2023-09-09,447.15,3
3612,2023-09-10,195.83,6
3613,2023-09-10,373.27,4
3614,2023-09-10,91.04,15
3615,2023-09-10,335.33,3
3616,2023-09-10,285.72,13
3617,2023-09-10,377.09,17
3618,2023-09-10,325.43,6
3619,2023-09-10,220.41,13
3620,2023-09-10,69.76,6
3621,2023-09-11,304.47,5
3622,2023-09-11,122.96,5
3623,2023-09-11,130.49,2
3624,2023-09-11,238.81,10
3625,2023-09-11,378.57,15
3626,2023-09-11,179.95,6
3627,2023-09-11,102.9,5
3628,2023-09-11,482.2,1
3629,2023-09-11,330.15,9
3630,2023-09-11,55.49,16
3631,2023-09-12,294.58,1
3632,2023-09-12,323.59,16
3633,2023-09-12,157.05,19
3634,2023-09-12,346.76,15
3635,2023-09-12,234.57,3
3636,2023-09-12,320.55,1
3637,2023-09-12,160.12,18
3638,2023-09-12,175.15,18
3639,2023-09-12,419.05,7
3640,2023-09-12,72.01,5
3641,2023-09-12,74.78,12
3642,2023-09-12,66.52,2
3643,2023-09-13,310.14,20
3644,2023-09-13,184.3,3
3645,2023-09-13,72.06,14
3646,2023-09-13,497.18,6
3647,2023-09-13,352.44,20
3648,2023-09-13,347.42,20
3649,2023-09-13,307.53,18
3650,2023-09-13,129.84,15
3651,2023-09-13,387.2,12
3652,2023-09-13,469.17,3
3653,2023-09-13,395.83,11
3654,2023-09-13,215.86,13
3655,2023-09-13,419.12,14
3656,2023-09-13,429.49,3
3657,2023-09-13,181.77,5
3658,2023-09-14,362.58,9
3659,2023-09-14,198.14,14
3660,2023-09-14,286.09,7
3661,2023-09-14,325.42,4
3662,2023-09-14,307.12,17
3663,2023-09-14,494.24,16
3664,2023-09-15,470.25,10
3665,2023-09-15,242.17,11
3666,2023-09-15,166.85,19
3667,2023-09-15,497.76,12
3668,2023-09-15,467.2,20
3669,2023-09-15,303.19,17
3670,2023-09-15,378.13,16
3671,2023-09-15,271.63,6
3672,2023-09-15,447.65,8
3673,2023-09-15,368.86,7
3674,2023-09-15,50.71,1
3675,2023-09-15,259.2,4
3676,2023-09-15,381.86,7
3677,2023-09-15,409.8,14
3678,2023-09-16,70.47,12
3679,2023-09-16,302.19,7
3680,2023-09-16,55.08,7
3681,2023-09-16,360.51,9
3682,2023-09-16,405.59,10
3683,2023-09-16,185.13,18
3684,2023-09-16,195.77,1
3685,2023-09-16,101.23,11
3686,2023-09-16,203.61,19
3687,2023-09-16,327.2,1
3688,2023-09-16,424.42,7
3689,2023-09-17,425.22,16
3690,2023-09-17,462.27,2
3691,2023-09-17,340.54,16
3692,2023-09-17,119.92,15
3693,2023-09-17,451.43,18
3694,2023-09-17,453.17,15
3695,2023-09-17,402.8,14
3696,2023-09-17,467.51,2
3697,2023-09-17,425.8,10
3698,2023-09-17,304.22,11
3699,2023-09-18,291.15,7
3700,2023-09-18,309.83,11
3701,2023-09-18,409.79,12
3702,2023-09-18,79.8,5
3703,2023-09-18,176.21,1
3704,2023-09-18,202.62,13
3705,2023-09-18,331.93,6
3706,2023-09-18,306.94,13
3707,2023-09-18,134.32,4
3708,2023-09-18,439.07,10
3709,2023-09-18,367.37,11
3710,2023-09-18,369.43,9
3711,2023-09-18,236.24,16
3712,2023-09-19,217.21,10
3713,2023-09-19,147.26,10
3714,2023-09-19,128.76,12
3715,2023-09-19,403.22,7
3716,2023-09-19,461.01,15
3717,2023-09-19,277.7,16
3718,2023-09-19,457.23,5
3719,2023-09-19,135.6,16
3720,2023-09-20,189.66,11
3721,2023-09-20,114.48,4
3722,2023-09-20,419.96,17
3723,2023-09-20,354.52,5
3724,2023-09-20,142.33,2
3725,2023-09-20,256.72,17
3726,2023-09-20,102.13,10
3727,2023-09-20,469.55,20
3728,2023-09-20,442.34,11
3729,2023-09-20,260.09,2
3730,2023-09-20,96.4,10
3731,2023-09-20,60.12,10
3732,2023-09-20,337.48,7
3733,2023-09-21,140.25,10
3734,2023-09-21,174.49,11
3735,2023-09-21,397.75,4
3736,2023-09-21,172.69,6
3737,2023-09-21,173.14,1
3738,2023-09-21,481.23,18
3739,2023-09-21,281.33,7
3740,2023-09-21,294.14,18
3741,2023-09-21,193.32,5
3742,2023-09-21,474.48,10
3743,2023-09-22,160.17,3
3744,2023-09-22,190.12,11
3745,2023-09-22,293.26,2
3746,2023-09-22,108.53,16
3747,2023-09-22,456.48,2
3748,2023-09-22,97.67,2
3749,2023-09-22,88.75,13
3750,2023-09-22,130.54,20
3751,2023-09-22,451.07,15
3752,2023-09-22,327.34,10
3753,2023-09-22,199.55,7
3754,2023-09-22,370.8,18
3755,2023-09-22,85.35,15
3756,2023-09-22,305.51,3
3757,2023-09-23,93.77,10
3758,2023-09-23,358.02,15
3759,2023-09-23,261.75,8
3760,2023-09-23,114.67,20
3761,2023-09-23,166.12,12
3762,2023-09-23,226.43,11
3763,2023-09-23,404.95,11
3764,2023-09-23,253.98,1
3765,2023-09-23,79.41,4
3766,2023-09-23,208.15,15
3767,2023-09-23,430.59,10
3768,2023-09-23,395.57,20
3769,2023-09-24,107.33,4
3770,2023-09-24,232.56,4
3771,2023-09-24,196.64,3
3772,2023-09-24,406.59,18
3773,2023-09-24,257.44,19
3774,2023-09-24,236.05,20
3775,2023-09-24,159.66,6
3776,2023-09-24,488.25,13
3777,2023-09-24,79.73,7
3778,2023-09-24,416.26,19
3779,2023-09-24,244.02,14
3780,2023-09-24,305.25,11
3781,2023-09-24,295.04,8
3782,2023-09-24,127.89,3
3783,2023-09-25,426.54,4
3784,2023-09-25,316.47,15
3785,2023-09-25,196.42,4
3786,2023-09-25,419.91,6
3787,2023-09-25,188.62,13
3788,2023-09-25,81.32,4
3789,2023-09-25,358.48,20
3790,2023-09-25,397.1,13
3791,2023-09-25,197.33,2
3792,2023-09-25,90.74,5
3793,2023-09-25,449.27,1
3794,2023-09-25,390.68,5
3795,2023-09-25,253.84,10
3796,2023-09-25,225.49,19
3797,2023-09-26,138.05,11
3798,2023-09-26,184.88,10
3799,2023-09-26,463.33,14
3800,2023-09-26,373.01,12
3801,2023-09-26,495.63,19
3802,2023-09-26,53.65,17
3803,2023-09-26,231.89,5
3804,2023-09-26,433.63,2
3805,2023-09-26,216.15,18
3806,2023-09-26,485.55,1
3807,2023-09-26,366.51,12
3808,2023-09-26,99.36,10
3809,2023-09-27,155.86,19
3810,2023-09-27,227.42,11
3811,2023-09-27,370.3,13
3812,2023-09-27,221.7,18
3813,2023-09-27,145.05,6
3814,2023-09-28,112.58,18
3815,2023-09-28,223.07,12
3816,2023-09-28,427.98,5
3817,2023-09-28,179.81,5
3818,2023-09-28,110.42,3
3819,2023-09-28,341.78,5
3820,2023-09-28,374.6,16
3821,2023-09-28,346.07,5
3822,2023-09-28,88.1,14
3823,2023-09-28,437.07,20
3824,2023-09-28,468.64,20
3825,2023-09-28,130.91,17
3826,2023-09-29,298.42,15
3827,2023-09-29,223.12,8
3828,2023-09-29,133.61,20
3829,2023-09-29,53.34,16
3830,2023-09-29,431.06,8
3831,2023-09-29,370.46,9
3832,2023-09-29,234.88,18
3833,2023-09-29,309.36,2
3834,2023-09-29,490.21,19
3835,2023-09-29,267.47,12
3836,2023-09-29,100.92,16
3837,2023-09-30,113.94,17
3838,2023-09-30,492.61,9
3839,2023-09-30,259.22,3
3840,2023-09-30,285.51,20
3841,2023-09-30,89.8,16
3842,2023-09-30,333.8,3
3843,2023-10-01,335.16,19
3844,2023-10-01,190.62,2
3845,2023-10-01,456.61,18
3846,2023-10-01,400.34,16
3847,2023-10-01,254.32,16
3848,2023-10-01,308.28,11
3849,2023-10-01,239.46,10
3850,2023-10-01,180.14,2
3851,2023-10-01,362.77,20
3852,2023-10-01,387.24,19
3853,2023-10-01,167.2,16
3854,2023-10-01,310.16,19
3855,2023-10-01,73.23,10
3856,2023-10-01,414.0,20
3857,2023-10-01,62.28,16
3858,2023-10-02,107.07,3
3859,2023-10-02,433.15,9
3860,2023-10-02,163.42,20
3861,2023-10-02,176.44,9
3862,2023-10-02,56.39,4
3863,2023-10-02,321.72,19
3864,2023-10-03,346.62,12
3865,2023-10-03,413.53,9
3866,2023-10-03,402.14,8
3867,2023-10-03,268.21,17
3868,2023-10-03,437.91,11
3869,2023-10-03,492.83,5
3870,2023-10-03,317.99,5
3871,2023-10-04,388.74,14
3872,2023-10-04,396.67,8
3873,2023-10-04,347.3,6
3874,2023-10-04,144.89,12
3875,2023-10-04,74.45,9
3876,2023-10-04,389.97,4
3877,2023-10-04,73.64,15
3878,2023-10-04,229.44,10
3879,2023-10-04,264.32,18
3880,2023-10-04,155.15,13
3881,2023-10-04,263.57,5
3882,2023-10-04,288.7,14
3883,2023-10-05,179.96,15
3884,2023-10-05,221.9,11
3885,2023-10-05,482.79,2
3886,2023-10-05,93.81,18
3887,2023-10-05,336.84,14
3888,2023-10-06,463.12,9
3889,2023-10-06,200.74,9
3890,2023-10-06,411.04,9
3891,2023-10-06,344.45,13
3892,2023-10-06,257.5,8
3893,2023-10-06,380.44,19
3894,2023-10-06,396.72,17
3895,2023-10-06,201.83,6
3896,2023-10-06,190.97,1
3897,2023-10-06,352.76,3
3898,2023-10-06,55.38,4
3899,2023-10-06,286.37,15
3900,2023-10-06,208.18,10
3901,2023-10-06,163.35,2
3902,2023-10-07,328.73,2
3903,2023-10-07,472.33,7
3904,2023-10-07,477.72,4
3905,2023-10-07,368.63,4
3906,2023-10-07,88.87,20
3907,2023-10-08,219.18,19
3908,2023-10-08,411.44,6
3909,2023-10-08,453.2,6
3910,2023-10-08,164.0,15
3911,2023-10-08,347.22,3
3912,2023-10-08,337.45,9
3913,2023-10-08,396.21,11
3914,2023-10-09,122.88,3
3915,2023-10-09,174.78,2
3916,2023-10-09,222.26,11
3917,2023-10-09,498.18,9
3918,2023-10-09,480.02,9
3919,2023-10-09,130.07,3
3920,2023-10-09,271.27,7
3921,2023-10-09,324.64,6
3922,2023-10-09,340.47,4
3923,2023-10-10,293.28,14
3924,2023-10-10,148.27,4
3925,2023-10-10,460.67,9
3926,2023-10-10,96.48,3
3927,2023-10-10,81.69,9
3928,2023-10-10,399.76,1
3929,2023-10-10,453.43,5
3930,2023-10-11,338.15,2
3931,2023-10-11,349.07,9
3932,2023-10-11,118.22,11
3933,2023-10-11,457.08,19
3934,2023-10-11,51.67,16
3935,2023-10-11,265.16,13
3936,2023-10-11,429.82,3
3937,2023-10-11,293.06,1
3938,2023-10-11,222.99,16
3939,2023-10-11,104.54,18
3940,2023-10-11,470.77,12
3941,2023-10-11,200.05,10
3942,2023-10-11,230.28,3
3943,2023-10-11,214.41,11
3944,2023-10-11,86.21,15
3945,2023-10-12,341.51,6
3946,2023-10-12,299.51,13
3947,2023-10-12,347.33,10
3948,2023-10-12,363.15,4
3949,2023-10-12,333.78,12
3950,2023-10-12,268.93,15
3951,2023-10-12,380.9,5
3952,2023-10-12,66.06,1
3953,2023-10-12,373.88,19
3954,2023-10-13,270.15,3
3955,2023-10-13,406.73,10
3956,2023-10-13,274.86,15
3957,2023-10-13,484.96,1
3958,2023-10-13,66.67,2
3959,2023-10-13,201.97,2
3960,2023-10-13,232.48,7
3961,2023-10-13,413.2,17
3962,2023-10-14,473.04,18
3963,2023-10-14,117.03,19
3964,2023-10-14,154.84,3
3965,2023-10-14,66.59,5
3966,2023-10-14,270.0,1
3967,2023-10-14,262.05,20
3968,2023-10-14,70.61,5
3969,2023-10-14,56.46,2
3970,2023-10-14,457.1,4
3971,2023-10-14,255.28,6
3972,2023-10-14,425.91,3
3973,2023-10-14,418.01,4
3974,2023-10-15,273.71,20
3975,2023-10-15,149.26,7
3976,2023-10-15,241.8,13
3977,2023-10-15,195.91,19
3978,2023-10-15,295.65,11
3979,2023-10-15,426.39,7
3980,2023-10-16,316.89,11
3981,2023-10-16,78.45,9
3982,2023-10-16,113.56,14
3983,2023-10-16,125.62,12
3984,2023-10-16,299.03,15
3985,2023-10-17,466.55,2
3986,2023-10-17,110.02,20
3987,2023-10-17,219.26,6
3988,2023-10-17,57.03,16
3989,2023-10-17,86.33,1
3990,2023-10-17,130.74,3
3991,2023-10-17,368.03,19
3992,2023-10-17,449.11,14
3993,2023-10-18,361.56,7
3994,2023-10-18,114.39,9
3995,2023-10-18,285.39,14
3996,2023-10-18,157.66,6
3997,2023-10-18,324.74,2
3998,2023-10-18,318.32,16
3999,2023-10-18,325.42,3
4000,2023-10-18,332.24,10
4001,2023-10-18,206.53,1
4002,2023-10-18,300.97,7
4003,2023-10-18,102.88,17
4004,2023-10-18,489.56,20
4005,2023-10-19,438.23,18
4006,2023-10-19,278.39,15
4007,2023-10-19,396.65,7
4008,2023-10-19,174.39,7
4009,2023-10-19,100.71,5
4010,2023-10-19,358.36,16
4011,2023-10-19,273.88,6
4012,2023-10-19,351.56,2
4013,2023-10-19,74.31,12
4014,2023-10-19,178.28,14
4015,2023-10-20,200.43,15
4016,2023-10-20,69.49,2
4017,2023-10-20,466.19,6
4018,2023-10-20,121.12,1
4019,2023-10-20,268.28,4
4020,2023-10-20,81.89,8
4021,2023-10-20,374.63,19
4022,2023-10-20,310.89,14
4023,2023-10-20,139.44,11
4024,2023-10-21,400.54,11
4025,2023-10-21,152.5,8
4026,2023-10-21,381.99,7
4027,2023-10-21,218.99,8
4028,2023-10-21,83.09,19
4029,2023-10-21,267.98,14
4030,2023-10-21,115.22,20
4031,2023-10-21,254.75,13
4032,2023-10-22,111.38,7
4033,2023-10-22,334.41,9
4034,2023-10-22,140.99,5
4035,2023-10-22,64.44,19
4036,2023-10-22,76.84,5
4037,2023-10-22,100.0,15
4038,2023-10-22,256.36,6
4039,2023-10-22,392.15,8
4040,2023-10-22,448.88,20
4041,2023-10-22,120.55,20
4042,2023-10-23,310.15,18
4043,2023-10-23,434.75,3
4044,2023-10-23,235.26,17
4045,2023-10-23,270.15,7
4046,2023-10-23,316.21,15
4047,2023-10-23,175.63,14
4048,2023-10-23,381.28,8
4049,2023-10-24,197.28,19
4050,2023-10-24,150.08,19
4051,2023-10-24,475.81,19
4052,2023-10-24,454.21,14
4053,2023-10-24,491.08,2
4054,2023-10-24,496.07,17
4055,2023-10-24,65.13,17
4056,2023-10-24,227.44,4
4057,2023-10-25,272.88,3
4058,2023-10-25,301.32,1
4059,2023-10-25,361.92,14
4060,2023-10-25,477.47,5
4061,2023-10-25,211.28,8
4062,2023-10-25,341.44,3
4063,2023-10-25,57.17,10
4064,2023-10-25,122.81,15
4065,2023-10-25,436.06,19
4066,2023-10-25,60.99,15
4067,2023-10-25,258.69,5
4068,2023-10-25,443.39,13
4069,2023-10-26,405.44,12
4070,2023-10-26,332.06,1
4071,2023-10-26,437.17,3
4072,2023-10-26,223.2,11
4073,2023-10-26,288.91,10
4074,2023-10-26,241.66,9
4075,2023-10-26,364.12,20
4076,2023-10-27,308.85,7
4077,2023-10-27,404.46,3
4078,2023-10-27,329.2,11
4079,2023-10-27,381.09,2
4080,2023-10-27,281.63,12
4081,2023-10-27,449.59,4
4082,2023-10-27,222.33,15
4083,2023-10-27,328.61,12
4084,2023-10-27,214.89,18
4085,2023-10-27,367.19,18
4086,2023-10-27,369.2,7
4087,2023-10-27,112.28,11
4088,2023-10-27,157.38,4
4089,2023-10-28,265.32,19
4090,2023-10-28,442.01,7
4091,2023-10-28,388.93,8
4092,2023-10-28,194.21,9
4093,2023-10-28,276.6,14
4094,2023-10-28,174.72,3
4095,2023-10-28,217.77,15
4096,2023-10-28,268.8,17
4097,2023-10-28,423.3,16
4098,2023-10-28,369.42,18
4099,2023-10-28,454.75,15
4100,2023-10-28,329.43,3
4101,2023-10-28,134.76,15
4102,2023-10-28,89.29,13
4103,2023-10-28,454.08,10
4104,2023-10-29,99.21,9
4105,2023-10-29,100.41,5
4106,2023-10-29,273.35,7
4107,2023-10-29,284.31,1
4108,2023-10-29,181.93,18
4109,2023-10-29,469.27,16
4110,2023-10-30,239.06,1
4111,2023-10-30,181.18,3
4112,2023-10-30,59.92,8
4113,2023-10-30,425.73,17
4114,2023-10-30,340.1,14
4115,2023-10-30,310.42,11
4116,2023-10-30,268.77,17
4117,2023-10-30,428.86,15
4118,2023-10-30,256.1,19
4119,2023-10-30,109.38,10
4120,2023-10-31,405.17,8
4121,2023-10-31,267.91,10
4122,2023-10-31,396.39,2
4123,2023-10-31,116.75,10
4124,2023-10-31,255.17,6
4125,2023-10-31,328.38,6
4126,2023-10-31,370.32,10
4127,2023-11-01,487.94,5
4128,2023-11-01,122.56,4
4129,2023-11-01,68.52,11
4130,2023-11-01,308.54,15
4131,2023-11-01,167.18,6
4132,2023-11-01,142.32,2
4133,2023-11-01,349.5,12
4134,2023-11-02,217.81,18
4135,2023-11-02,488.96,18
4136,2023-11-02,185.7,1
4137,2023-11-02,232.05,16
4138,2023-11-02,395.83,15
4139,2023-11-02,467.52,5
4140,2023-11-02,51.93,18
4141,2023-11-03,199.08,10
4142,2023-11-03,263.26,10
4143,2023-11-03,486.32,19
4144,2023-11-03,350.1,19
4145,2023-11-03,377.84,15
4146,2023-11-03,202.41,4
4147,2023-11-03,379.24,2
4148,2023-11-03,112.74,18
4149,2023-11-03,102.59,1
4150,2023-11-03,230.73,8
4151,2023-11-03,250.69,3
4152,2023-11-03,196.86,20
4153,2023-11-03,338.59,19
4154,2023-11-04,149.96,9
4155,2023-11-04,138.07,3
4156,2023-11-04,292.29,15
4157,2023-11-04,354.68,3
4158,2023-11-04,489.13,13
4159,2023-11-04,137.5,11
4160,2023-11-04,321.43,17
4161,2023-11-04,474.53,12
4162,2023-11-04,228.9,14
4163,2023-11-04,216.33,12
4164,2023-11-04,55.49,12
4165,2023-11-04,208.11,15
4166,2023-11-04,443.44,3
4167,2023-11-05,377.53,15
4168,2023-11-05,383.69,14
4169,2023-11-05,411.66,10
4170,2023-11-05,123.71,14
4171,2023-11-05,377.87,14
4172,2023-11-05,112.81,19
4173,2023-11-05,319.07,5
4174,2023-11-05,143.5,16
4175,2023-11-06,493.99,3
4176,2023-11-06,469.92,19
4177,2023-11-06,390.25,3
4178,2023-11-06,52.98,9
4179,2023-11-06,236.53,18
4180,2023-11-06,257.95,19
4181,2023-11-06,389.86,5
4182,2023-11-06,139.67,13
4183,2023-11-06,180.26,16
4184,2023-11-06,69.0,10
4185,2023-11-06,425.56,10
4186,2023-11-06,272.35,15
4187,2023-11-06,151.03,1
4188,2023-11-07,168.2,16
4189,2023-11-07,105.88,10
4190,2023-11-07,237.72,16
4191,2023-11-07,458.06,8
4192,2023-11-07,62.8,9
4193,2023-11-07,271.87,3
4194,2023-11-07,319.5,12
4195,2023-11-08,266.22,14
4196,2023-11-08,440.76,16
4197,2023-11-08,488.42,4
4198,2023-11-08,217.94,19
4199,2023-11-08,57.9,9
4200,2023-11-08,123.28,2
4201,2023-11-08,115.76,15
4202,2023-11-08,445.24,5
4203,2023-11-08,210.82,2
4204,2023-11-08,172.7,14
4205,2023-11-08,336.31,12
4206,2023-11-08,71.92,10
4207,2023-11-08,288.33,3
4208,2023-11-08,281.24,6
4209,2023-11-09,319.44,6
4210,2023-11-09,294.67,11
4211,2023-11-09,422.07,10
4212,2023-11-09,172.16,12
4213,2023-11-09,93.13,19
4214,2023-11-09,208.23,5
4215,2023-11-10,111.63,10
4216,2023-11-10,217.86,16
4217,2023-11-10,235.4,6
4218,2023-11-10,96.09,5
4219,2023-11-10,276.52,7
4220,2023-11-11,326.04,17
4221,2023-11-11,430.73,18
4222,2023-11-11,366.02,4
4223,2023-11-11,237.81,3
4224,2023-11-11,102.45,5
4225,2023-11-11,465.53,16
4226,2023-11-11,206.69,12
4227,2023-11-11,112.56,15
4228,2023-11-11,450.38,20
4229,2023-11-11,285.4,11
4230,2023-11-11,127.49,10
4231,2023-11-11,62.94,4
4232,2023-11-11,150.06,5
4233,2023-11-12,188.34,7
4234,2023-11-12,108.6,3
4235,2023-11-12,241.16,4
4236,2023-11-12,84.98,16
4237,2023-11-12,390.8,2
4238,2023-11-12,138.36,2
4239,2023-11-12,406.87,17
4240,2023-11-12,316.93,16
4241,2023-11-13,458.84,2
4242,2023-11-13,79.81,1
4243,2023-11-13,389.55,4
4244,2023-11-13,464.04,7
4245,2023-11-13,314.42,7
4246,2023-11-13,133.15,12
4247,2023-11-14,90.85,9
4248,2023-11-14,476.96,12
4249,2023-11-14,208.49,17
4250,2023-11-14,401.36,20
4251,2023-11-14,158.82,19
4252,2023-11-15,94.6,19
4253,2023-11-15,393.46,17
4254,2023-11-15,147.65,7
4255,2023-11-15,483.92,6
4256,2023-11-15,455.75,18
4257,2023-11-15,51.95,4
4258,2023-11-16,464.21,16
4259,2023-11-16,214.91,19
4260,2023-11-16,133.31,4
4261,2023-11-16,131.38,12
4262,2023-11-16,491.59,14
4263,2023-11-16,146.42,8
4264,2023-11-16,233.41,11
4265,2023-11-16,105.63,4
4266,2023-11-17,111.16,12
4267,2023-11-17,367.13,18
4268,2023-11-17,374.96,3
4269,2023-11-17,197.65,4
4270,2023-11-17,223.15,15
4271,2023-11-17,320.18,10
4272,2023-11-17,359.17,15
4273,2023-11-17,151.64,14
4274,2023-11-17,180.77,14
4275,2023-11-17,134.95,3
4276,2023-11-17,452.64,16
4277,2023-11-17,472.59,12
4278,2023-11-17,130.68,16
4279,2023-11-18,97.33,15
4280,2023-11-18,285.2,3
4281,2023-11-18,103.65,13
4282,2023-11-18,230.28,19
4283,2023-11-18,489.91,6
4284,2023-11-18,79.12,7
4285,2023-11-18,202.38,20
4286,2023-11-18,429.81,13
4287,2023-11-18,105.24,14
4288,2023-11-18,376.34,9
4289,2023-11-18,394.17,19
4290,2023-11-18,317.14,13
4291,2023-11-18,210.24,20
4292,2023-11-18,477.56,16
4293,2023-11-18,280.14,5
4294,2023-11-19,98.62,9
4295,2023-11-19,270.2,8
4296,2023-11-19,332.77,5
4297,2023-11-19,63.38,2
4298,2023-11-19,423.64,16
4299,2023-11-19,355.15,6
4300,2023-11-19,222.18,11
4301,2023-11-19,118.73,20
4302,2023-11-19,330.45,3
4303,2023-11-19,347.49,17
4304,2023-11-19,395.41,15
4305,2023-11-19,140.87,16
4306,2023-11-20,277.16,18
4307,2023-11-20,204.63,18
4308,2023-11-20,295.98,2
4309,2023-11-20,495.82,4
4310,2023-11-20,222.63,11
4311,2023-11-20,433.79,15
4312,2023-11-20,256.85,2
4313,2023-11-20,129.59,10
4314,2023-11-20,448.12,6
4315,2023-11-20,271.17,5
4316,2023-11-20,190.61,13
4317,2023-11-20,269.35,4
4318,2023-11-21,353.76,18
4319,2023-11-21,358.42,19
4320,2023-11-21,261.42,18
4321,2023-11-21,434.46,17
4322,2023-11-21,75.08,9
4323,2023-11-21,272.61,13
4324,2023-11-21,327.62,12
4325,2023-11-21,394.91,10
4326,2023-11-21,194.22,1
4327,2023-11-21,315.71,5
4328,2023-11-21,426.62,12
4329,2023-11-21,414.3,19
4330,2023-11-21,62.1,11
4331,2023-11-21,221.26,14
4332,2023-11-22,496.38,14
4333,2023-11-22,208.07,8
4334,2023-11-22,161.43,10
4335,2023-11-22,316.64,3
4336,2023-11-22,441.02,4
4337,2023-11-22,201.92,1
4338,2023-11-22,292.29,2
4339,2023-11-22,257.41,14
4340,2023-11-22,305.62,14
4341,2023-11-22,169.98,16
4342,2023-11-23,60.01,11
4343,2023-11-23,219.98,13
4344,2023-11-23,195.09,4
4345,2023-11-23,413.75,4
4346,2023-11-23,360.89,7
4347,2023-11-23,201.19,17
4348,2023-11-23,415.16,11
4349,2023-11-23,124.98,10
4350,2023-11-23,213.5,14
4351,2023-11-23,140.79,3
4352,2023-11-23,428.17,18
4353,2023-11-23,146.34,9
4354,2023-11-23,71.39,19
4355,2023-11-23,230.91,8
4356,2023-11-24,384.3,3
4357,2023-11-24,372.97,19
4358,2023-11-24,92.63,11
4359,2023-11-24,173.01,19
4360,2023-11-24,410.53,16
4361,2023-11-24,242.2,12
4362,2023-11-24,408.04,10
4363,2023-11-24,277.09,10
4364,2023-11-24,244.81,18
4365,2023-11-24,191.01,14
4366,2023-11-24,231.04,20
4367,2023-11-24,281.92,18
4368,2023-11-24,131.27,1
4369,2023-11-24,332.53,17
4370,2023-11-25,309.58,7
4371,2023-11-25,347.36,15
4372,2023-11-25,170.57,18
4373,2023-11-25,414.02,14
4374,2023-11-25,470.59,2
4375,2023-11-25,285.02,12
4376,2023-11-25,258.12,8
4377,2023-11-26,385.9,10
4378,2023-11-26,429.85,14
4379,2023-11-26,193.39,3
4380,2023-11-26,335.27,14
4381,2023-11-26,170.12,10
4382,2023-11-26,340.72,9
4383,2023-11-26,359.08,8
4384,2023-11-27,157.32,5
4385,2023-11-27,136.36,8
4386,2023-11-27,408.67,10
4387,2023-11-27,258.87,18
4388,2023-11-27,496.08,14
4389,2023-11-27,341.11,2
4390,2023-11-27,140.9,9
4391,2023-11-27,111.39,9
4392,2023-11-27,405.35,9
4393,2023-11-27,346.4,6
4394,2023-11-27,339.93,2
4395,2023-11-28,402.01,2
4396,2023-11-28,436.81,3
4397,2023-11-28,191.26,10
4398,2023-11-28,440.23,14
4399,2023-11-28,453.55,3
4400,2023-11-28,228.6,5
4401,2023-11-28,156.22,19
4402,2023-11-28,380.52,4
4403,2023-11-28,284.88,19
4404,2023-11-28,477.35,17
4405,2023-11-28,163.31,3
4406,2023-11-28,157.13,4
4407,2023-11-29,198.18,19
4408,2023-11-29,381.76,8
4409,2023-11-29,470.98,7
4410,2023-11-29,114.93,6
4411,2023-11-29,146.35,9
4412,2023-11-29,247.76,9
4413,2023-11-29,438.3,2
4414,2023-11-29,270.66,12
4415,2023-11-29,364.83,4
4416,2023-11-29,192.42,14
4417,2023-11-30,357.23,9
4418,2023-11-30,445.75,5
4419,2023-11-30,213.35,12
4420,2023-11-30,419.61,1
4421,2023-11-30,340.43,20
4422,2023-11-30,65.66,2
4423,2023-11-30,360.81,8
4424,2023-11-30,163.84,13
4425,2023-11-30,189.17,12
4426,2023-11-30,456.42,4
4427,2023-11-30,290.71,8
4428,2023-11-30,435.94,13
4429,2023-12-01,459.41,13
4430,2023-12-01,467.38,9
4431,2023-12-01,185.4,8
4432,2023-12-01,183.84,6
4433,2023-12-01,462.15,11
4434,2023-12-02,232.83,2
4435,2023-12-02,173.32,3
4436,2023-12-02,420.44,16
4437,2023-12-02,261.99,14
4438,2023-12-02,466.92,11
4439,2023-12-02,372.82,4
4440,2023-12-02,420.98,9
4441,2023-12-02,277.85,12
4442,2023-12-02,239.39,18
4443,2023-12-02,382.0,15
4444,2023-12-02,362.84,2
4445,2023-12-02,338.62,6
4446,2023-12-02,333.57,5
4447,2023-12-02,51.38,7
4448,2023-12-02,332.73,11
4449,2023-12-03,87.0,6
4450,2023-12-03,162.32,5
4451,2023-12-03,431.13,14
4452,2023-12-03,406.69,11
4453,2023-12-03,253.17,5
4454,2023-12-03,167.31,19
4455,2023-12-03,422.05,10
4456,2023-12-03,139.4,14
4457,2023-12-03,215.42,13
4458,2023-12-03,444.38,19
4459,2023-12-03,151.02,1
4460,2023-12-03,465.4,20
4461,2023-12-03,331.98,3
4462,2023-12-03,488.36,7
4463,2023-12-04,365.57,6
4464,2023-12-04,72.4,20
4465,2023-12-04,243.01,9
4466,2023-12-04,117.16,12
4467,2023-12-04,126.56,19
4468,2023-12-04,102.81,17
4469,2023-12-04,245.82,15
4470,2023-12-04,422.27,16
4471,2023-12-04,103.33,7
4472,2023-12-05,475.72,9
4473,2023-12-05,179.58,16
4474,2023-12-05,221.93,14
4475,2023-12-05,435.35,20
4476,2023-12-05,147.0,10
4477,2023-12-05,377.02,7
4478,2023-12-05,238.25,14
4479,2023-12-05,406.61,1
4480,2023-12-06,489.26,8
4481,2023-12-06,327.96,8
4482,2023-12-06,216.34,15
4483,2023-12-06,88.58,16
4484,2023-12-06,109.94,11
4485,2023-12-06,488.48,13
4486,2023-12-06,359.08,13
4487,2023-12-06,368.8,20
4488,2023-12-06,165.3,4
4489,2023-12-07,76.44,11
4490,2023-12-07,468.98,16
4491,2023-12-07,458.7,20
4492,2023-12-07,472.69,20
4493,2023-12-07,369.3,2
4494,2023-12-07,52.41,17
4495,2023-12-07,328.85,10
4496,2023-12-07,489.89,12
4497,2023-12-07,109.51,18
4498,2023-12-07,68.51,6
4499,2023-12-07,167.13,17
4500,2023-12-07,271.78,11
4501,2023-12-07,445.05,5
4502,2023-12-08,192.79,17
4503,2023-12-08,244.82,9
4504,2023-12-08,102.58,2
4505,2023-12-08,490.33,16
4506,2023-12-08,442.26,9
4507,2023-12-08,386.52,14
4508,2023-12-09,456.26,9
4509,2023-12-09,325.82,9
4510,2023-12-09,282.64,14
4511,2023-12-09,451.7,11
4512,2023-12-09,381.59,16
4513,2023-12-09,393.65,5
4514,2023-12-09,300.05,15
4515,2023-12-09,73.95,5
4516,2023-12-09,74.56,6
4517,2023-12-10,261.61,6
4518,2023-12-10,367.68,14
4519,2023-12-10,102.21,16
4520,2023-12-10,68.36,12
4521,2023-12-10,494.97,18
4522,2023-12-11,255.99,4
4523,2023-12-11,430.63,5
4524,2023-12-11,105.64,3
4525,2023-12-11,141.68,10
4526,2023-12-11,131.29,6
4527,2023-12-11,387.47,9
4528,2023-12-11,303.46,19
4529,2023-12-11,145.58,1
4530,2023-12-11,286.71,19
4531,2023-12-11,131.26,3
4532,2023-12-11,160.77,16
4533,2023-12-11,354.61,11
4534,2023-12-12,177.93,4
4535,2023-12-12,227.38,19
4536,2023-12-12,468.12,4
4537,2023-12-12,426.64,5
4538,2023-12-12,62.99,15
4539,2023-12-13,265.93,9
4540,2023-12-13,317.39,1
4541,2023-12-13,198.24,2
4542,2023-12-13,345.28,15
4543,2023-12-13,196.21,19
4544,2023-12-13,108.19,2
4545,2023-12-13,410.7,10
4546,2023-12-13,195.43,2
4547,2023-12-13,384.71,18
4548,2023-12-13,478.36,13
4549,2023-12-13,91.65,9
4550,2023-12-13,130.1,13
4551,2023-12-13,90.13,7
4552,2023-12-13,123.32,13
4553,2023-12-13,178.22,5
4554,2023-12-14,184.35,14
4555,2023-12-14,381.15,10
4556,2023-12-14,456.68,20
4557,2023-12-14,109.08,4
4558,2023-12-14,424.42,17
4559,2023-12-14,139.94,15
4560,2023-12-15,264.4,19
4561,2023-12-15,320.15,3
4562,2023-12-15,390.42,12
4563,2023-12-15,326.24,14
4564,2023-12-15,333.81,3
4565,2023-12-15,68.2,11
4566,2023-12-15,487.97,8
4567,2023-12-15,341.42,5
4568,2023-12-15,468.8,17
4569,2023-12-15,333.3,17
4570,2023-12-15,87.79,15
4571,2023-12-16,85.63,16
4572,2023-12-16,185.18,5
4573,2023-12-16,357.94,10
4574,2023-12-16,428.69,17
4575,2023-12-16,242.48,19
4576,2023-12-16,71.48,3
4577,2023-12-16,462.79,17
4578,2023-12-16,98.43,14
4579,2023-12-16,235.86,15
4580,2023-12-16,347.38,19
4581,2023-12-16,415.77,12
4582,2023-12-17,313.51,17
4583,2023-12-17,57.32,15
4584,2023-12-17,130.8,6
4585,2023-12-17,429.31,2
4586,2023-12-17,87.48,10
4587,2023-12-17,191.28,15
4588,2023-12-17,390.81,15
4589,2023-12-17,330.71,9
4590,2023-12-17,203.6,6
4591,2023-12-18,133.29,20
4592,2023-12-18,166.69,4
4593,2023-12-18,245.21,1
4594,2023-12-18,52.63,4
4595,2023-12-18,55.99,16
4596,2023-12-18,257.07,13
4597,2023-12-18,440.95,20
4598,2023-12-18,376.66,10
4599,2023-12-19,415.91,20
4600,2023-12-19,212.33,13
4601,2023-12-19,412.09,3
4602,2023-12-19,106.29,1
4603,2023-12-19,135.86,1
4604,2023-12-19,363.21,7
4605,2023-12-19,436.56,7
4606,2023-12-19,266.5,5
4607,2023-12-19,342.38,14
4608,2023-12-19,428.94,18
4609,2023-12-19,135.91,10
4610,2023-12-19,396.37,5
4611,2023-12-19,263.3,1
4612,2023-12-19,102.41,5
4613,2023-12-20,483.74,16
4614,2023-12-20,58.83,15
4615,2023-12-20,313.35,7
4616,2023-12-20,182.67,13
4617,2023-12-20,72.91,1
4618,2023-12-20,96.2,14
4619,2023-12-20,490.77,16
4620,2023-12-20,381.69,20
4621,2023-12-20,378.99,10
4622,2023-12-20,66.66,13
4623,2023-12-20,268.75,19
4624,2023-12-20,376.08,16
4625,2023-12-21,371.43,17
4626,2023-12-21,58.56,19
4627,2023-12-21,192.13,3
4628,2023-12-21,170.53,14
4629,2023-12-21,450.11,4
4630,2023-12-21,272.65,12
4631,2023-12-21,251.75,14
4632,2023-12-21,59.36,10
4633,2023-12-22,261.16,15
4634,2023-12-22,154.45,8
4635,2023-12-22,314.45,11
4636,2023-12-22,464.78,15
4637,2023-12-22,109.02,10
4638,2023-12-22,375.35,13
4639,2023-12-22,481.91,12
4640,2023-12-22,408.19,6
4641,2023-12-23,143.24,3
4642,2023-12-23,350.18,5
4643,2023-12-23,127.98,6
4644,2023-12-23,322.59,4
4645,2023-12-23,407.07,16
4646,2023-12-23,186.64,7
4647,2023-12-23,300.57,1
4648,2023-12-23,211.45,9
4649,2023-12-23,210.67,6
4650,2023-12-23,128.62,17
4651,2023-12-23,64.39,3
4652,2023-12-23,201.98,4
4653,2023-12-23,327.9,4
4654,2023-12-23,302.89,16
4655,2023-12-24,497.15,12
4656,2023-12-24,396.22,18
4657,2023-12-24,170.37,5
4658,2023-12-24,434.03,17
4659,2023-12-24,321.93,4
4660,2023-12-24,367.88,15
4661,2023-12-24,409.54,4
4662,2023-12-24,488.6,20
4663,2023-12-24,324.35,4
4664,2023-12-25,68.89,4
4665,2023-12-25,125.17,4
4666,2023-12-25,441.89,12
4667,2023-12-25,120.66,10
4668,2023-12-25,368.67,17
4669,2023-12-25,274.28,4
4670,2023-12-25,119.43,12
4671,2023-12-25,200.57,5
4672,2023-12-25,105.34,7
4673,2023-12-25,247.6,14
4674,2023-12-25,396.15,1
4675,2023-12-25,160.39,16
4676,2023-12-25,203.59,17
4677,2023-12-26,88.36,12
4678,2023-12-26,371.84,14
4679,2023-12-26,212.29,8
4680,2023-12-26,118.23,17
4681,2023-12-26,239.77,8
4682,2023-12-26,112.1,14
4683,2023-12-26,236.03,14
4684,2023-12-27,478.33,17
4685,2023-12-27,407.57,12
4686,2023-12-27,474.68,15
4687,2023-12-27,115.51,1
4688,2023-12-27,372.93,17
4689,2023-12-27,474.64,3
4690,2023-12-27,202.24,13
4691,2023-12-27,491.88,6
4692,2023-12-27,245.33,13
4693,2023-12-27,391.64,5
4694,2023-12-27,456.13,2
4695,2023-12-27,489.98,17
4696,2023-12-28,238.69,18
4697,2023-12-28,443.1,11
4698,2023-12-28,459.15,1
4699,2023-12-28,422.15,17
4700,2023-12-28,324.68,5
4701,2023-12-28,365.13,15
4702,2023-12-28,339.75,18
4703,2023-12-28,330.96,20
4704,2023-12-28,343.42,12
4705,2023-12-29,232.03,7
4706,2023-12-29,446.44,3
4707,2023-12-29,66.64,11
4708,2023-12-29,225.5,5
4709,2023-12-29,284.21,18
4710,2023-12-29,177.77,3
4711,2023-12-29,280.25,10
4712,2023-12-29,284.6,6
4713,2023-12-29,60.54,18
4714,2023-12-29,316.63,8
4715,2023-12-29,424.5,10
4716,2023-12-29,376.93,17
4717,2023-12-29,99.7,2
4718,2023-12-29,428.71,9
4719,2023-12-29,332.15,12
4720,2023-12-30,71.48,4
4721,2023-12-30,251.93,19
4722,2023-12-30,381.59,15
4723,2023-12-30,202.54,8
4724,2023-12-30,412.42,19
4725,2023-12-30,304.52,18
4726,2023-12-31,155.23,10
4727,2023-12-31,178.04,19
4728,2023-12-31,352.6,13
4729,2023-12-31,283.85,8
4730,2023-12-31,97.35,17
4731,2023-12-31,312.07,12
4732,2023-12-31,254.44,5
4733,2023-12-31,370.24,14
4734,2023-12-31,86.88,2
4735,2023-12-31,241.2,5
4736,2023-12-31,264.31,15
4737,2023-12-31,85.13,17
4738,2023-12-31,231.24,18
4739,2023-12-31,283.53,13
